name,id,nametype,recclass,mass,fall,year,reclat,reclong,point coordinates
Aachen,1,1,L5,21.0,Fell,1880-01-01,50.775,6.08333,"[50.775, 6.08333]"
Aarhus,2,1,H6,720.0,Fell,1951-01-01,56.18333,10.23333,"[56.18333, 10.23333]"
Abee,6,1,EH4,107000.0,Fell,1952-01-01,54.21667,-113.0,"[54.21667, -113.0]"
Acapulco,10,1,Acapulcoite,1914.0,Fell,1976-01-01,16.88333,-99.9,"[16.88333, -99.9]"
Achiras,370,1,L6,780.0,Fell,1902-01-01,-33.16667,-64.95,"[-33.16667, -64.95]"
Adhi Kot,379,1,EH4,4239.0,Fell,1919-01-01,32.1,71.8,"[32.1, 71.8]"
Adzhi-Bogdo (stone),390,1,LL3-6,910.0,Fell,1949-01-01,44.83333,95.16667,"[44.83333, 95.16667]"
Agen,392,1,H5,30000.0,Fell,1814-01-01,44.21667,0.61667,"[44.21667, 0.61667]"
Aguada,398,1,L6,1620.0,Fell,1930-01-01,-31.6,-65.23333,"[-31.6, -65.23333]"
Aguila Blanca,417,1,L,1440.0,Fell,1920-01-01,-30.86667,-64.55,"[-30.86667, -64.55]"
Aioun el Atrouss,423,1,Diogenite-pm,1000.0,Fell,1974-01-01,16.39806,-9.57028,"[16.39806, -9.57028]"
Aïr,424,1,L6,24000.0,Fell,1925-01-01,19.08333,8.38333,"[19.08333, 8.38333]"
Aire-sur-la-Lys,425,1,Unknown,,Fell,1769-01-01,50.66667,2.33333,"[50.66667, 2.33333]"
Akaba,426,1,L6,779.0,Fell,1949-01-01,29.51667,35.05,"[29.51667, 35.05]"
Akbarpur,427,1,H4,1800.0,Fell,1838-01-01,29.71667,77.95,"[29.71667, 77.95]"
Akwanga,432,1,H,3000.0,Fell,1959-01-01,8.91667,8.43333,"[8.91667, 8.43333]"
Akyumak,433,1,"Iron, IVA",50000.0,Fell,1981-01-01,39.91667,42.81667,"[39.91667, 42.81667]"
Al Rais,446,1,CR2-an,160.0,Fell,1957-01-01,24.41667,39.51667,"[24.41667, 39.51667]"
Al Zarnkh,447,1,LL5,700.0,Fell,2001-01-01,13.66033,28.96,"[13.66033, 28.96]"
Alais,448,1,CI1,6000.0,Fell,1806-01-01,44.11667,4.08333,"[44.11667, 4.08333]"
Albareto,453,1,L/LL4,2000.0,Fell,1766-01-01,44.65,11.01667,"[44.65, 11.01667]"
Alberta,454,1,L,625.0,Fell,1949-01-01,2.0,22.66667,"[2.0, 22.66667]"
Alby sur Chéran,458,1,Eucrite-mmict,252.0,Fell,2002-01-01,45.82133,6.01533,"[45.82133, 6.01533]"
Aldsworth,461,1,LL5,700.0,Fell,1835-01-01,51.78333,-1.78333,"[51.78333, -1.78333]"
Aleppo,462,1,L6,3200.0,Fell,1873-01-01,36.23333,37.13333,"[36.23333, 37.13333]"
Alessandria,463,1,H5,908.0,Fell,1860-01-01,44.88333,8.75,"[44.88333, 8.75]"
Alexandrovsky,465,1,H4,9251.0,Fell,1900-01-01,50.95,31.81667,"[50.95, 31.81667]"
Alfianello,466,1,L6,228000.0,Fell,1883-01-01,45.26667,10.15,"[45.26667, 10.15]"
Allegan,2276,1,H5,32000.0,Fell,1899-01-01,42.53333,-85.88333,"[42.53333, -85.88333]"
Allende,2278,1,CV3,2000000.0,Fell,1969-01-01,26.96667,-105.31667,"[26.96667, -105.31667]"
Almahata Sitta,48915,1,Ureilite-an,3950.0,Fell,2008-01-01,20.74575,32.41275,"[20.74575, 32.41275]"
Alta'ameem,2284,1,LL5,6000.0,Fell,1977-01-01,35.27333,44.21556,"[35.27333, 44.21556]"
Ambapur Nagla,2290,1,H5,6400.0,Fell,1895-01-01,27.66667,78.25,"[27.66667, 78.25]"
Andhara,2294,1,Stone-uncl,2700.0,Fell,1880-01-01,26.58333,85.56667,"[26.58333, 85.56667]"
Andover,2295,1,L6,3200.0,Fell,1898-01-01,44.61667,-70.75,"[44.61667, -70.75]"
Andreevka,2296,1,L3,600.0,Fell,1969-01-01,48.7,37.5,"[48.7, 37.5]"
Andura,2298,1,H6,17900.0,Fell,1939-01-01,20.88333,76.86667,"[20.88333, 76.86667]"
Northwest Africa 5815,50693,1,L5,256.8,Found,,0.0,0.0,"[0.0, 0.0]"
Angers,2301,1,L6,,Fell,1822-01-01,47.46667,-0.55,"[47.46667, -0.55]"
Angra dos Reis (stone),2302,1,Angrite,1500.0,Fell,1869-01-01,-22.96667,-44.31667,"[-22.96667, -44.31667]"
Ankober,2304,1,H4,6500.0,Fell,1942-01-01,9.53333,39.71667,"[9.53333, 39.71667]"
Anlong,2305,1,H5,2500.0,Fell,1971-01-01,25.15,105.18333,"[25.15, 105.18333]"
Aomori,2313,1,L6,320.0,Fell,1984-01-01,40.81056,140.78556,"[40.81056, 140.78556]"
Appley Bridge,2318,1,LL6,15000.0,Fell,1914-01-01,53.58333,-2.71667,"[53.58333, -2.71667]"
Apt,2320,1,L6,3200.0,Fell,1803-01-01,43.86667,5.38333,"[43.86667, 5.38333]"
Arbol Solo,2325,1,H5,810.0,Fell,1954-01-01,-33.0,-66.0,"[-33.0, -66.0]"
Archie,2329,1,H6,5070.0,Fell,1932-01-01,38.5,-94.3,"[38.5, -94.3]"
Arroyo Aguiar,2340,1,H5,7450.0,Fell,1950-01-01,-31.41667,-60.66667,"[-31.41667, -60.66667]"
Asco,2345,1,H6,41.0,Fell,1805-01-01,42.45,9.03333,"[42.45, 9.03333]"
Ash Creek,48954,1,L6,9500.0,Fell,2009-01-01,31.805,-97.01,"[31.805, -97.01]"
Ashdon,2346,1,L6,1300.0,Fell,1923-01-01,52.05,0.3,"[52.05, 0.3]"
Assisi,2353,1,H5,2000.0,Fell,1886-01-01,43.03333,12.55,"[43.03333, 12.55]"
Atarra,4883,1,L4,1280.0,Fell,1920-01-01,25.25417,80.625,"[25.25417, 80.625]"
Atemajac,4884,1,L6,94.2,Fell,1896-01-01,20.06667,-103.66667,"[20.06667, -103.66667]"
Athens,4885,1,LL6,265.0,Fell,1933-01-01,34.75,-87.0,"[34.75, -87.0]"
Atoka,4888,1,L6,1384.2,Fell,1945-01-01,34.31667,-96.15,"[34.31667, -96.15]"
Aubres,4893,1,Aubrite,800.0,Fell,1836-01-01,44.38333,5.16667,"[44.38333, 5.16667]"
Aumale,4899,1,L6,50000.0,Fell,1865-01-01,36.16667,3.66667,"[36.16667, 3.66667]"
Aumieres,4900,1,L6,2000.0,Fell,1842-01-01,44.33333,3.23333,"[44.33333, 3.23333]"
Ausson,4903,1,L5,50000.0,Fell,1858-01-01,43.08333,0.58333,"[43.08333, 0.58333]"
Avanhandava,4905,1,H4,9330.0,Fell,1952-01-01,-21.46028,-49.95083,"[-21.46028, -49.95083]"
Avce,4906,1,"Iron, IIAB",1230.0,Fell,1908-01-01,46.0,13.5,"[46.0, 13.5]"
Avilez,4907,1,H,146.0,Fell,1855-01-01,25.0,-103.5,"[25.0, -103.5]"
Awere,4910,1,L4,134.0,Fell,1968-01-01,2.71667,32.83333,"[2.71667, 32.83333]"
Aztec,4913,1,L6,2830.0,Fell,1938-01-01,36.8,-108.0,"[36.8, -108.0]"
Bachmut,4917,1,L6,18000.0,Fell,1814-01-01,48.6,38.0,"[48.6, 38.0]"
Bahjoi,4922,1,"Iron, IAB-sLL",10322.0,Fell,1934-01-01,28.48333,78.5,"[28.48333, 78.5]"
Bald Mountain,4925,1,L4,3700.0,Fell,1929-01-01,35.96667,-82.48333,"[35.96667, -82.48333]"
Baldwyn,4926,1,L6,345.0,Fell,1922-01-01,34.5,-88.66667,"[34.5, -88.66667]"
Bali,4928,1,CV3,1000.0,Fell,1907-01-01,5.38333,16.38333,"[5.38333, 16.38333]"
Ban Rong Du,4934,1,"Iron, ungrouped",16700.0,Fell,1993-01-01,16.66667,101.18333,"[16.66667, 101.18333]"
Bandong,4935,1,LL6,11500.0,Fell,1871-01-01,-6.91667,107.6,"[-6.91667, 107.6]"
Bansur,4936,1,L6,15000.0,Fell,1892-01-01,27.7,76.33333,"[27.7, 76.33333]"
Banswal,4937,1,L5,14.0,Fell,1913-01-01,30.4,78.2,"[30.4, 78.2]"
Banten,4938,1,CM2,629.0,Fell,1933-01-01,-6.33333,106.0,"[-6.33333, 106.0]"
Barbotan,4942,1,H5,6400.0,Fell,1790-01-01,43.95,-0.05,"[43.95, -0.05]"
Barcelona (stone),4944,1,OC,,Fell,1704-01-01,41.36667,2.16667,"[41.36667, 2.16667]"
Barea,4946,1,Mesosiderite-A1,3200.0,Fell,1842-01-01,42.38333,-2.5,"[42.38333, -2.5]"
Barnaul,4947,1,H5,23.2,Fell,1904-01-01,52.73333,84.08333,"[52.73333, 84.08333]"
Barntrup,4948,1,LL4,17.0,Fell,1886-01-01,52.0,9.1,"[52.0, 9.1]"
Baroti,4949,1,L6,4500.0,Fell,1910-01-01,31.61667,76.8,"[31.61667, 76.8]"
Barwell,4954,1,L5,44000.0,Fell,1965-01-01,52.56528,-1.33972,"[52.56528, -1.33972]"
Bassikounou,44876,1,H5,29560.0,Fell,2006-01-01,15.78333,-5.9,"[15.78333, -5.9]"
Baszkówka,4957,1,L5,15500.0,Fell,1994-01-01,52.03333,20.93583,"[52.03333, 20.93583]"
Bath,4974,1,H4,21000.0,Fell,1892-01-01,45.41667,-98.31667,"[45.41667, -98.31667]"
Bath Furnace,4975,1,L6,86000.0,Fell,1902-01-01,38.25,-83.75,"[38.25, -83.75]"
Battle Mountain,56133,1,L6,2900.0,Fell,2012-01-01,40.66813,-117.18913,"[40.66813, -117.18913]"
Bawku,4976,1,LL5,1557.0,Fell,1989-01-01,11.08333,-0.18333,"[11.08333, -0.18333]"
Baxter,4977,1,L6,611.0,Fell,1916-01-01,36.75,-93.5,"[36.75, -93.5]"
Beardsley,4984,1,H5,16000.0,Fell,1929-01-01,39.8,-101.2,"[39.8, -101.2]"
Beaver Creek,4986,1,H5,14000.0,Fell,1893-01-01,51.16667,-117.33333,"[51.16667, -117.33333]"
Beddgelert,4993,1,H5,794.0,Fell,1949-01-01,53.01667,-4.1,"[53.01667, -4.1]"
Bells,5005,1,C2-ung,375.0,Fell,1961-01-01,33.6,-96.46667,"[33.6, -96.46667]"
Belville,5009,1,OC,,Fell,1937-01-01,-32.33333,-64.86667,"[-32.33333, -64.86667]"
Benares (a),5011,1,LL4,3700.0,Fell,1798-01-01,25.36667,82.91667,"[25.36667, 82.91667]"
Benguerir,30443,1,LL6,25000.0,Fell,2004-01-01,32.25,-8.15,"[32.25, -8.15]"
Beni M'hira,5018,1,L6,19000.0,Fell,2001-01-01,32.86667,10.8,"[32.86667, 10.8]"
Benld,5021,1,H6,1770.5,Fell,1938-01-01,39.08333,-89.15,"[39.08333, -89.15]"
Benoni,5023,1,H6,3880.0,Fell,1943-01-01,-26.16667,28.41667,"[-26.16667, 28.41667]"
Bensour,5024,1,LL6,45000.0,Fell,2002-01-01,30.0,-7.0,"[30.0, -7.0]"
Benton,5026,1,LL6,2840.0,Fell,1949-01-01,45.95,-67.55,"[45.95, -67.55]"
Berduc,48975,1,L6,270.0,Fell,2008-01-01,-31.91,-58.32833,"[-31.91, -58.32833]"
Béréba,5028,1,Eucrite-mmict,18000.0,Fell,1924-01-01,11.65,-3.65,"[11.65, -3.65]"
Berlanguillas,5029,1,L6,1440.0,Fell,1811-01-01,41.68333,-3.8,"[41.68333, -3.8]"
Berthoud,47355,1,Eucrite-mmict,960.0,Fell,2004-01-01,40.30583,-105.02325,"[40.30583, -105.02325]"
Bethlehem,5032,1,H,13.9,Fell,1859-01-01,42.53333,-73.83333,"[42.53333, -73.83333]"
Beuste,5034,1,L5,2000.0,Fell,1859-01-01,43.21667,-0.23333,"[43.21667, -0.23333]"
Beyrout,5035,1,LL3.8,1100.0,Fell,1921-01-01,33.88333,35.5,"[33.88333, 35.5]"
Bhagur,5037,1,L6,18.0,Fell,1877-01-01,20.88333,74.83333,"[20.88333, 74.83333]"
Bhawad,36591,1,LL6,678.0,Fell,2002-01-01,26.50833,73.11528,"[26.50833, 73.11528]"
Bherai,5039,1,L6,100.0,Fell,1893-01-01,20.83333,71.46667,"[20.83333, 71.46667]"
Bhola,5040,1,LL3-6,1047.0,Fell,1940-01-01,22.68333,90.65,"[22.68333, 90.65]"
Bholghati,5041,1,Howardite,2500.0,Fell,1905-01-01,22.08333,86.9,"[22.08333, 86.9]"
Bialystok,5042,1,Eucrite-pmict,4000.0,Fell,1827-01-01,53.1,23.2,"[53.1, 23.2]"
Bielokrynitschie,5043,1,H4,1900.0,Fell,1887-01-01,50.13333,27.16667,"[50.13333, 27.16667]"
Bilanga,5045,1,Diogenite,25000.0,Fell,1999-01-01,12.45,-0.08333,"[12.45, -0.08333]"
Binningup,5051,1,H5,488.1,Fell,1984-01-01,-33.15639,115.67639,"[-33.15639, 115.67639]"
Birni N'konni,5056,1,H4,560.0,Fell,1923-01-01,13.76667,5.3,"[13.76667, 5.3]"
Bishopville,5059,1,Aubrite,6000.0,Fell,1843-01-01,34.16667,-80.28333,"[34.16667, -80.28333]"
Bishunpur,5060,1,LL3.15,1039.0,Fell,1895-01-01,25.38333,82.6,"[25.38333, 82.6]"
Bjelaja Zerkov,5063,1,H6,1850.0,Fell,1796-01-01,49.78333,30.16667,"[49.78333, 30.16667]"
Bjurböle,5064,1,L/LL4,330000.0,Fell,1899-01-01,60.4,25.8,"[60.4, 25.8]"
Black Moshannan Park,5065,1,L5,705.0,Fell,1941-01-01,40.91667,-78.08333,"[40.91667, -78.08333]"
Blackwell,5068,1,L5,2381.0,Fell,1906-01-01,36.83333,-97.33333,"[36.83333, -97.33333]"
Blanket,5071,1,L6,5100.0,Fell,1909-01-01,31.83333,-98.83333,"[31.83333, -98.83333]"
Blansko,5072,1,H6,470.0,Fell,1833-01-01,49.36667,16.63333,"[49.36667, 16.63333]"
Bloomington,5076,1,LL6,67.8,Fell,1938-01-01,40.48,-89.00417,"[40.48, -89.00417]"
Bo Xian,5090,1,LL3.9,7500.0,Fell,1977-01-01,33.83333,115.83333,"[33.83333, 115.83333]"
Bocas,5093,1,L6,56.0,Fell,1804-01-01,23.0,-102.0,"[23.0, -102.0]"
Bogou,5097,1,"Iron, IAB-MG",8800.0,Fell,1962-01-01,12.5,0.7,"[12.5, 0.7]"
Boguslavka,5098,1,"Iron, IIAB",256000.0,Fell,1916-01-01,44.55,131.63333,"[44.55, 131.63333]"
Borgo San Donino,5110,1,LL6,1676.0,Fell,1808-01-01,44.86667,10.05,"[44.86667, 10.05]"
Bori,5111,1,L6,8600.0,Fell,1894-01-01,21.95,78.03333,"[21.95, 78.03333]"
Boriskino,5112,1,CM2,1342.0,Fell,1930-01-01,54.23333,52.48333,"[54.23333, 52.48333]"
Borkut,5113,1,L5,7000.0,Fell,1852-01-01,48.15,24.28333,"[48.15, 24.28333]"
Borodino,5114,1,H5,500.0,Fell,1812-01-01,55.46667,35.86667,"[55.46667, 35.86667]"
Botschetschki,5117,1,L4,614.0,Fell,1823-01-01,51.33333,33.88333,"[51.33333, 33.88333]"
Boumdeid (2003),57168,1,L6,190.0,Fell,2003-01-01,17.71067,-11.3715,"[17.71067, -11.3715]"
Boumdeid (2011),57167,1,L6,3599.0,Fell,2011-01-01,17.17493,-11.34133,"[17.17493, -11.34133]"
Bovedy,5121,1,L3,5460.0,Fell,1969-01-01,54.56667,-6.33333,"[54.56667, -6.33333]"
Bradford Woods,5128,1,L,762.0,Fell,1886-01-01,40.5,-80.08333,"[40.5, -80.08333]"
Braunau,5133,1,"Iron, IIAB",39000.0,Fell,1847-01-01,50.6,16.3,"[50.6, 16.3]"
Breitscheid,5134,1,H5,1500.0,Fell,1956-01-01,50.66694,8.18361,"[50.66694, 8.18361]"
Bremervörde,5135,1,H/L3.9,7250.0,Fell,1855-01-01,53.4,9.1,"[53.4, 9.1]"
Brient,5140,1,Eucrite-pmict,219.0,Fell,1933-01-01,52.13333,59.31667,"[52.13333, 59.31667]"
Bruderheim,5156,1,L6,303000.0,Fell,1960-01-01,53.9,-112.88333,"[53.9, -112.88333]"
Bukhara,30448,1,CV3,5300.0,Fell,2001-01-01,39.77978,64.60035,"[39.77978, 64.60035]"
Bulls Run,5163,1,Iron?,2250.0,Fell,1964-01-01,,,
Bunburra Rockhole,48653,1,Eucrite,324.0,Fell,2007-01-01,-31.35,129.19,"[-31.35, 129.19]"
Bununu,5165,1,Howardite,357.0,Fell,1942-01-01,10.01667,9.58333,"[10.01667, 9.58333]"
Bur-Gheluai,5169,1,H5,120000.0,Fell,1919-01-01,5.0,48.0,"[5.0, 48.0]"
Burnwell,5175,1,H4-an,1504.0,Fell,1990-01-01,37.62194,-82.23722,"[37.62194, -82.23722]"
Bursa,5177,1,L6,25000.0,Fell,1946-01-01,40.2,29.23333,"[40.2, 29.23333]"
Buschhof,5178,1,L6,5000.0,Fell,1863-01-01,46.45,25.78333,"[46.45, 25.78333]"
Bustee,5181,1,Aubrite,1500.0,Fell,1852-01-01,26.78333,82.83333,"[26.78333, 82.83333]"
Butsura,5183,1,H6,29000.0,Fell,1861-01-01,27.08333,84.08333,"[27.08333, 84.08333]"
Buzzard Coulee,48654,1,H4,41000.0,Fell,2008-01-01,52.996,-109.84817,"[52.996, -109.84817]"
Cabezo de Mayo,5185,1,L/LL6,25000.0,Fell,1870-01-01,37.98333,-1.16667,"[37.98333, -1.16667]"
Cabin Creek,5186,1,"Iron, IIIAB",48500.0,Fell,1886-01-01,35.5,-93.5,"[35.5, -93.5]"
Cacak,5187,1,OC,212.0,Fell,1919-01-01,43.83889,20.33333,"[43.83889, 20.33333]"
Cali,45976,1,H/L4,478.0,Fell,2007-01-01,3.405,-76.51,"[3.405, -76.51]"
Calivo,5200,1,Stone-uncl,2400.0,Fell,1916-01-01,11.75,122.33333,"[11.75, 122.33333]"
Campos Sales,5249,1,L5,23680.0,Fell,1991-01-01,-7.03333,-40.16667,"[-7.03333, -40.16667]"
Çanakkale,5250,1,L6,4000.0,Fell,1964-01-01,39.8,26.6,"[39.8, 26.6]"
Cañellas,5251,1,H4,945.0,Fell,1861-01-01,41.25,1.66667,"[41.25, 1.66667]"
Cangas de Onis,5252,1,H5,34000.0,Fell,1866-01-01,43.38333,-5.15,"[43.38333, -5.15]"
Canon City,5253,1,H6,1400.0,Fell,1973-01-01,38.47028,-105.24139,"[38.47028, -105.24139]"
Cape Girardeau,5260,1,H6,2300.0,Fell,1846-01-01,37.26667,-89.58333,"[37.26667, -89.58333]"
Capilla del Monte,5264,1,H6,750.0,Fell,1934-01-01,-30.88333,-64.55,"[-30.88333, -64.55]"
Carancas,45817,1,H4-5,342.0,Fell,2007-01-01,-16.66444,-69.04389,"[-16.66444, -69.04389]"
Caratash,5265,1,LL6,8.0,Fell,1902-01-01,38.5,27.0,"[38.5, 27.0]"
Castalia,5291,1,H5,7300.0,Fell,1874-01-01,36.08333,-78.06667,"[36.08333, -78.06667]"
Castel Berardenga,5292,1,Stone-uncl,,Fell,1791-01-01,43.35,11.5,"[43.35, 11.5]"
Castine,5293,1,L6,94.0,Fell,1848-01-01,44.38333,-68.75,"[44.38333, -68.75]"
Castrovillari,5295,1,Stone-uncl,15000.0,Fell,1583-01-01,39.8,16.2,"[39.8, 16.2]"
Caswell County,5296,1,OC,1360.0,Fell,1810-01-01,36.5,-79.25,"[36.5, -79.25]"
Ceniceros,5306,1,L3.7,1025.0,Fell,1988-01-01,26.46667,-105.23333,"[26.46667, -105.23333]"
Centerville,5307,1,H5,45.6,Fell,1956-01-01,43.2,-96.91667,"[43.2, -96.91667]"
Cereseto,5308,1,H5,6460.0,Fell,1840-01-01,45.08333,8.3,"[45.08333, 8.3]"
Chadong,5313,1,L6,3700.0,Fell,1998-01-01,28.53333,109.31667,"[28.53333, 109.31667]"
Chail,5314,1,H6,0.5,Fell,1814-01-01,25.36667,81.66667,"[25.36667, 81.66667]"
Chainpur,5315,1,LL3.4,8200.0,Fell,1907-01-01,25.85,83.48333,"[25.85, 83.48333]"
Chajari,5316,1,L5,18300.0,Fell,1933-01-01,-30.78333,-58.05,"[-30.78333, -58.05]"
Chandakapur,5320,1,L5,8800.0,Fell,1838-01-01,20.26667,76.01667,"[20.26667, 76.01667]"
Chandpur,5321,1,L6,1100.0,Fell,1885-01-01,27.28333,79.05,"[27.28333, 79.05]"
Changde,5322,1,H5,1810.0,Fell,1977-01-01,29.08333,111.75,"[29.08333, 111.75]"
Chantonnay,5325,1,L6,31500.0,Fell,1812-01-01,46.68333,1.05,"[46.68333, 1.05]"
Charlotte,5328,1,"Iron, IVA",4300.0,Fell,1835-01-01,36.16667,-87.33333,"[36.16667, -87.33333]"
Charsonville,5329,1,H6,27000.0,Fell,1810-01-01,47.93333,1.56667,"[47.93333, 1.56667]"
Charwallas,5330,1,H6,12000.0,Fell,1834-01-01,29.48333,75.5,"[29.48333, 75.5]"
Chassigny,5331,1,Martian (chassignite),4000.0,Fell,1815-01-01,47.71667,5.36667,"[47.71667, 5.36667]"
Château-Renard,5332,1,L6,30000.0,Fell,1841-01-01,47.93333,2.91667,"[47.93333, 2.91667]"
Chaves,5334,1,Howardite,2945.0,Fell,1925-01-01,41.93333,-7.46667,"[41.93333, -7.46667]"
Chela,5338,1,H4,2936.0,Fell,1988-01-01,-3.66667,32.5,"[-3.66667, 32.5]"
Chelyabinsk,57165,1,LL5,100000.0,Fell,2013-01-01,54.81667,61.11667,"[54.81667, 61.11667]"
Chergach ,47347,1,H5,100000.0,Fell,2007-01-01,23.69639,-5.01472,"[23.69639, -5.01472]"
Chernyi Bor,5339,1,H4,6000.0,Fell,1964-01-01,53.7,30.1,"[53.7, 30.1]"
Cherokee Springs,5340,1,LL6,8400.0,Fell,1933-01-01,35.03333,-81.88333,"[35.03333, -81.88333]"
Chervettaz,5341,1,L5,705.0,Fell,1901-01-01,46.55,6.81667,"[46.55, 6.81667]"
Chervony Kut,5342,1,Eucrite-mmict,1700.0,Fell,1939-01-01,50.83333,34.0,"[50.83333, 34.0]"
Chetrinahatti,5344,1,Stone-uncl,72.0,Fell,1880-01-01,14.5,76.5,"[14.5, 76.5]"
Chiang Khan,5345,1,H6,367.0,Fell,1981-01-01,17.9,101.63333,"[17.9, 101.63333]"
Chicora,5349,1,LL6,303.0,Fell,1938-01-01,40.93333,-79.73333,"[40.93333, -79.73333]"
Chisenga,5355,1,"Iron, IIIAB",3920.0,Fell,1988-01-01,-10.05944,33.395,"[-10.05944, 33.395]"
Chitado,5356,1,L6,,Fell,1966-01-01,-17.35,13.96667,"[-17.35, 13.96667]"
Chitenay,5357,1,L6,4000.0,Fell,1978-01-01,47.47083,0.97667,"[47.47083, 0.97667]"
Cilimus,5364,1,L5,1600.0,Fell,1979-01-01,-6.95,108.1,"[-6.95, 108.1]"
Claxton,5374,1,L6,1455.0,Fell,1984-01-01,32.1025,-81.87278,"[32.1025, -81.87278]"
Clohars,5383,1,L4,48.6,Fell,1822-01-01,,,
Colby (Wisconsin),5395,1,L6,104000.0,Fell,1917-01-01,44.9,-90.28333,"[44.9, -90.28333]"
Cold Bokkeveld,5397,1,CM2,5200.0,Fell,1838-01-01,-33.13333,19.38333,"[-33.13333, 19.38333]"
Coleman,5401,1,L6,469.0,Fell,1994-01-01,43.76111,-84.50778,"[43.76111, -84.50778]"
Collescipoli,5403,1,H5,5000.0,Fell,1890-01-01,42.53333,12.61667,"[42.53333, 12.61667]"
Conquista,5418,1,H4,20350.0,Fell,1965-01-01,-19.85,-47.55,"[-19.85, -47.55]"
Cosina,5451,1,H5,1200.0,Fell,1844-01-01,21.16667,-100.86667,"[21.16667, -100.86667]"
Cranganore,5465,1,L6,1460.0,Fell,1917-01-01,10.2,76.26667,"[10.2, 76.26667]"
Crescent,5470,1,CM2,78.4,Fell,1936-01-01,35.95,-97.58333,"[35.95, -97.58333]"
Cronstad,5474,1,H5,3650.0,Fell,1877-01-01,-27.7,27.3,"[-27.7, 27.3]"
Cross Roads,5476,1,H5,167.0,Fell,1892-01-01,35.63333,-78.13333,"[35.63333, -78.13333]"
Crumlin,5477,1,L5,4255.0,Fell,1902-01-01,54.61667,-6.21667,"[54.61667, -6.21667]"
Cumberland Falls,5496,1,Aubrite,17000.0,Fell,1919-01-01,36.83333,-84.35,"[36.83333, -84.35]"
Cynthiana,5500,1,L/LL4,6000.0,Fell,1877-01-01,38.4,-84.25,"[38.4, -84.25]"
Dahmani,5504,1,LL6,18000.0,Fell,1981-01-01,35.61667,8.83333,"[35.61667, 8.83333]"
Dandapur,5511,1,L6,5650.0,Fell,1878-01-01,26.91667,83.96667,"[26.91667, 83.96667]"
Daniel's Kuil,5513,1,EL6,1064.0,Fell,1868-01-01,-28.2,24.56667,"[-28.2, 24.56667]"
Danville,5514,1,L6,2000.0,Fell,1868-01-01,34.4,-87.06667,"[34.4, -87.06667]"
Darmstadt,6603,1,H5,100.0,Fell,1804-01-01,49.86667,8.65,"[49.86667, 8.65]"
Dashoguz,6604,1,H5,7000.0,Fell,1998-01-01,41.98444,59.685,"[41.98444, 59.685]"
Daule,51559,1,L5,6580.0,Fell,2008-01-01,-1.87089,-79.95756,"[-1.87089, -79.95756]"
De Cewsville,6621,1,H6,340.0,Fell,1887-01-01,43.0,-80.0,"[43.0, -80.0]"
Deal,6634,1,L6,28.0,Fell,1829-01-01,40.25,-74.0,"[40.25, -74.0]"
Delhi,6642,1,L5,0.8,Fell,1897-01-01,28.56667,77.25,"[28.56667, 77.25]"
Demina,6649,1,L6,16400.0,Fell,1911-01-01,51.46667,84.76667,"[51.46667, 84.76667]"
Denver,6660,1,L6,230.0,Fell,1967-01-01,39.7825,-104.93056,"[39.7825, -104.93056]"
Dergaon,6664,1,H5,12500.0,Fell,2001-01-01,26.68333,93.86667,"[26.68333, 93.86667]"
Desuri,6693,1,H6,25400.0,Fell,1962-01-01,25.73333,73.61667,"[25.73333, 73.61667]"
Devgaon,6694,1,H3.8,12000.0,Fell,2001-01-01,19.0,81.0,"[19.0, 81.0]"
Devri-Khera,6696,1,L6,1140.0,Fell,1994-01-01,24.225,76.525,"[24.225, 76.525]"
Dhajala,6698,1,H3.8,45000.0,Fell,1976-01-01,22.37778,71.42722,"[22.37778, 71.42722]"
Dharwar,6699,1,OC,1800.0,Fell,1848-01-01,14.88333,75.6,"[14.88333, 75.6]"
Dhurmsala,7640,1,LL6,32000.0,Fell,1860-01-01,32.23333,76.46667,"[32.23333, 76.46667]"
Didim,47350,1,H3-5,3396.0,Fell,2007-01-01,37.35172,27.32997,"[37.35172, 27.32997]"
Diep River,7642,1,L6,1000.0,Fell,1906-01-01,-33.75,18.56667,"[-33.75, 18.56667]"
Distrito Quebracho,7649,1,H4,400.0,Fell,1957-01-01,-31.88333,-60.46667,"[-31.88333, -60.46667]"
Djati-Pengilon,7652,1,H6,166000.0,Fell,1884-01-01,-7.5,111.5,"[-7.5, 111.5]"
Djermaia,7656,1,H,3950.0,Fell,1961-01-01,12.73333,15.05,"[12.73333, 15.05]"
Djoumine,7657,1,H5-6,10000.0,Fell,1999-01-01,36.95,9.55,"[36.95, 9.55]"
Dokachi,7658,1,H5,3840.0,Fell,1903-01-01,23.5,90.33333,"[23.5, 90.33333]"
Dolgovoli,7659,1,L6,1600.0,Fell,1864-01-01,50.75,25.3,"[50.75, 25.3]"
Domanitch,7661,1,L5,438.0,Fell,1907-01-01,40.0,29.0,"[40.0, 29.0]"
Dong Ujimqin Qi,7706,1,Mesosiderite,128800.0,Fell,1995-01-01,45.5,119.03333,"[45.5, 119.03333]"
Donga Kohrod,7707,1,H6,230.0,Fell,1899-01-01,21.86667,82.45,"[21.86667, 82.45]"
Dongtai,7708,1,LL6,5500.0,Fell,1970-01-01,32.91667,120.78333,"[32.91667, 120.78333]"
Doroninsk,7718,1,H5-7,3891.0,Fell,1805-01-01,51.2,112.3,"[51.2, 112.3]"
Dosso,7722,1,L6,1250.0,Fell,1962-01-01,13.05,3.16667,"[13.05, 3.16667]"
Douar Mghila,7723,1,LL6,1161.0,Fell,1932-01-01,32.33333,-6.3,"[32.33333, -6.3]"
Dowa,7725,1,Stone-uncl,642.0,Fell,1976-01-01,-13.66667,33.91667,"[-13.66667, 33.91667]"
Drake Creek,7728,1,L6,5000.0,Fell,1827-01-01,36.4,-86.5,"[36.4, -86.5]"
Dresden (Ontario),7731,1,H6,47700.0,Fell,1939-01-01,42.52,-82.26,"[42.52, -82.26]"
Dubrovnik,7736,1,L3-6,1900.0,Fell,1951-01-01,42.45833,18.44167,"[42.45833, 18.44167]"
Dunbogan,7743,1,L6,30.0,Fell,1999-01-01,-31.66667,152.83333,"[-31.66667, 152.83333]"
Dundrum,7745,1,H5,2270.0,Fell,1865-01-01,52.55,-8.03333,"[52.55, -8.03333]"
Dunhua,7749,1,Stone-uncl,,Fell,1976-01-01,43.33333,128.25,"[43.33333, 128.25]"
Durala,7750,1,L6,13200.0,Fell,1815-01-01,30.3,76.63333,"[30.3, 76.63333]"
Duruma,7752,1,L6,577.0,Fell,1853-01-01,-4.0,39.5,"[-4.0, 39.5]"
Duwun,7754,1,L6,2117.0,Fell,1943-01-01,33.43333,127.26667,"[33.43333, 127.26667]"
Dwaleni,7755,1,H4-6,3230.0,Fell,1970-01-01,-27.2,31.31667,"[-27.2, 31.31667]"
Dyalpur,7757,1,Ureilite,300.0,Fell,1872-01-01,26.25,82.0,"[26.25, 82.0]"
Dyarrl Island,7758,1,Mesosiderite-A1,188.0,Fell,1933-01-01,-3.0,151.0,"[-3.0, 151.0]"
Eagle,7760,1,EL6,10000.0,Fell,1947-01-01,40.78167,-96.47167,"[40.78167, -96.47167]"
Ehole,7774,1,H5,2400.0,Fell,1961-01-01,-17.3,15.83333,"[-17.3, 15.83333]"
Eichstädt,7775,1,H5,3000.0,Fell,1785-01-01,48.9,11.21667,"[48.9, 11.21667]"
Ekeby,7776,1,H4,3336.0,Fell,1939-01-01,56.03333,13.0,"[56.03333, 13.0]"
Ekh Khera,7777,1,H6,840.0,Fell,1916-01-01,28.26667,78.78333,"[28.26667, 78.78333]"
El Idrissia,7807,1,L6,10000.0,Fell,1989-01-01,34.41667,3.25,"[34.41667, 3.25]"
El Paso de Aguila,45977,1,H5,17226.0,Fell,1977-01-01,25.37,-97.37,"[25.37, -97.37]"
El Tigre,7819,1,L6,5000.0,Fell,1993-01-01,19.96722,-103.05167,"[19.96722, -103.05167]"
Elbert,7822,1,LL6,680.5,Fell,1998-01-01,39.24667,-104.58817,"[39.24667, -104.58817]"
Elbogen,7823,1,"Iron, IID",107000.0,Fell,1400-01-01,50.18333,12.73333,"[50.18333, 12.73333]"
Elenovka,7824,1,L5,54640.0,Fell,1951-01-01,47.83333,37.66667,"[47.83333, 37.66667]"
Ellemeet,10019,1,Diogenite,1470.0,Fell,1925-01-01,51.75,4.0,"[51.75, 4.0]"
Emmaville,10033,1,Eucrite-mmict,127.0,Fell,1900-01-01,-29.46667,151.61667,"[-29.46667, 151.61667]"
Enshi,10038,1,H5,8000.0,Fell,1974-01-01,30.3,109.5,"[30.3, 109.5]"
Ensisheim,10039,1,LL6,127000.0,Fell,1492-01-01,47.86667,7.35,"[47.86667, 7.35]"
Épinal,10041,1,H5,277.0,Fell,1822-01-01,48.18333,6.46667,"[48.18333, 6.46667]"
Erakot,10042,1,CM2,113.0,Fell,1940-01-01,19.03333,81.89167,"[19.03333, 81.89167]"
Erevan,10043,1,Howardite,107.2,Fell,1911-01-01,40.3,44.5,"[40.3, 44.5]"
Ergheo,10044,1,L5,20000.0,Fell,1889-01-01,1.16667,44.16667,"[1.16667, 44.16667]"
Erxleben,10049,1,H6,2250.0,Fell,1812-01-01,52.21667,11.25,"[52.21667, 11.25]"
Esnandes,10051,1,L6,1500.0,Fell,1837-01-01,46.25,-1.1,"[46.25, -1.1]"
Essebi,10055,1,C2-ung,500.0,Fell,1957-01-01,2.88333,30.83333,"[2.88333, 30.83333]"
Estherville,10059,1,Mesosiderite-A3/4,320000.0,Fell,1879-01-01,43.41667,-94.83333,"[43.41667, -94.83333]"
Farmington,10074,1,L5,89400.0,Fell,1890-01-01,39.75,-97.03333,"[39.75, -97.03333]"
Farmville,10075,1,H4,56000.0,Fell,1934-01-01,35.55,-77.53333,"[35.55, -77.53333]"
Favars,10078,1,H5,1500.0,Fell,1844-01-01,44.38333,2.81667,"[44.38333, 2.81667]"
Fayetteville,10079,1,H4,2360.0,Fell,1934-01-01,36.05,-94.16667,"[36.05, -94.16667]"
Feid Chair,10080,1,H4,380.0,Fell,1875-01-01,36.88333,8.45,"[36.88333, 8.45]"
Felix,10081,1,CO3.3,3200.0,Fell,1900-01-01,32.53333,-87.16667,"[32.53333, -87.16667]"
Fenghsien-Ku,10086,1,H5,82.0,Fell,1924-01-01,34.6,116.75,"[34.6, 116.75]"
Ferguson,10088,1,OC,220.0,Fell,1889-01-01,36.1,-81.41667,"[36.1, -81.41667]"
Fermo,10091,1,H3-5,10200.0,Fell,1996-01-01,43.18111,13.75333,"[43.18111, 13.75333]"
Fisher,10107,1,L6,17600.0,Fell,1894-01-01,47.81667,-96.85,"[47.81667, -96.85]"
Florence,10111,1,H3,3640.0,Fell,1922-01-01,30.83333,-97.76667,"[30.83333, -97.76667]"
Forest City,10119,1,H5,152000.0,Fell,1890-01-01,43.25,-93.66667,"[43.25, -93.66667]"
Forest Vale,10120,1,H4,26000.0,Fell,1942-01-01,-33.35,146.85833,"[-33.35, 146.85833]"
Forksville,10123,1,L6,6067.0,Fell,1924-01-01,36.78333,-78.08333,"[36.78333, -78.08333]"
Forsbach,10163,1,H6,240.0,Fell,1900-01-01,50.95,7.31667,"[50.95, 7.31667]"
Forsyth,10164,1,L6,16300.0,Fell,1829-01-01,33.01667,-83.96667,"[33.01667, -83.96667]"
Fort Flatters,10166,1,Stone-uncl,,Fell,1944-01-01,28.25,7.0,"[28.25, 7.0]"
Frankfort (stone),10177,1,Howardite,650.0,Fell,1868-01-01,34.48333,-87.83333,"[34.48333, -87.83333]"
Fuhe,52412,1,L5,23000.0,Fell,1945-01-01,31.47556,113.56694,"[31.47556, 113.56694]"
Fukutomi,10836,1,L5,11620.0,Fell,1882-01-01,33.18333,130.2,"[33.18333, 130.2]"
Fünen,10838,1,Stone-uncl,,Fell,1654-01-01,55.33333,10.33333,"[55.33333, 10.33333]"
Futtehpur,10839,1,L6,4000.0,Fell,1822-01-01,25.95,80.81667,"[25.95, 80.81667]"
Fuyang,10840,1,Stone-uncl,2500.0,Fell,1977-01-01,32.9,115.9,"[32.9, 115.9]"
Galapian,10846,1,H6,132.7,Fell,1826-01-01,44.3,0.4,"[44.3, 0.4]"
Galim (a),10848,1,LL6,36.1,Fell,1952-01-01,7.05,12.43333,"[7.05, 12.43333]"
Galim (b),10849,1,EH3/4-an,28.0,Fell,1952-01-01,7.05,12.43333,"[7.05, 12.43333]"
Galkiv,10850,1,H4,5000.0,Fell,1995-01-01,51.68333,30.78333,"[51.68333, 30.78333]"
Gambat,10851,1,L6,6400.0,Fell,1897-01-01,27.35,68.53333,"[27.35, 68.53333]"
Gao-Guenie,10854,1,H5,,Fell,1960-01-01,11.65,-2.18333,"[11.65, -2.18333]"
Garhi Yasin,10860,1,"Iron, IIE",380.0,Fell,1917-01-01,27.88333,68.53333,"[27.88333, 68.53333]"
Garland,10861,1,Diogenite-pm,102.0,Fell,1950-01-01,41.68333,-112.13333,"[41.68333, -112.13333]"
Gashua,44882,1,L6,4162.0,Fell,1984-01-01,12.85,11.03333,"[12.85, 11.03333]"
Gasseltepaoua,10866,1,H5,,Fell,2000-01-01,14.15083,-2.04167,"[14.15083, -2.04167]"
Geidam,10870,1,H5,725.0,Fell,1950-01-01,12.91667,11.91667,"[12.91667, 11.91667]"
Gifu,10914,1,L6,14290.0,Fell,1909-01-01,35.53333,136.88333,"[35.53333, 136.88333]"
Girgenti,10917,1,L6,18000.0,Fell,1853-01-01,37.31667,13.56667,"[37.31667, 13.56667]"
Git-Git,10919,1,L6,480.0,Fell,1947-01-01,9.6,9.91667,"[9.6, 9.91667]"
Glanerbrug,10923,1,L/LL5,670.0,Fell,1990-01-01,52.2,6.86667,"[52.2, 6.86667]"
Glanggang,10924,1,H5-6,1303.0,Fell,1939-01-01,-7.25,107.7,"[-7.25, 107.7]"
Glasatovo,10926,1,H4,152000.0,Fell,1918-01-01,57.35,37.61667,"[57.35, 37.61667]"
Glatton,10930,1,L6,767.0,Fell,1991-01-01,52.45972,-0.3,"[52.45972, -0.3]"
Gnadenfrei,10936,1,H5,1750.0,Fell,1879-01-01,50.66667,16.76667,"[50.66667, 16.76667]"
Gopalpur,10948,1,H6,1600.0,Fell,1865-01-01,24.23333,89.05,"[24.23333, 89.05]"
Gorlovka,10949,1,H3.7,3618.0,Fell,1974-01-01,48.28333,38.08333,"[48.28333, 38.08333]"
Granes,10956,1,L6,9000.0,Fell,1964-01-01,42.9,2.25,"[42.9, 2.25]"
Grefsheim,11196,1,L5,45.5,Fell,1976-01-01,60.66667,11.0,"[60.66667, 11.0]"
Grimsby,50911,1,H5,215.0,Fell,2009-01-01,43.2,-79.61667,"[43.2, -79.61667]"
Grosnaja,11206,1,CV3,3500.0,Fell,1861-01-01,43.66667,45.38333,"[43.66667, 45.38333]"
Gross-Divina,11207,1,H5,10500.0,Fell,1837-01-01,49.26667,18.71667,"[49.26667, 18.71667]"
Grossliebenthal,11208,1,L6,8000.0,Fell,1881-01-01,46.35,30.58333,"[46.35, 30.58333]"
Grüneberg,11426,1,H4,1000.0,Fell,1841-01-01,51.93333,15.5,"[51.93333, 15.5]"
Grzempach,11429,1,H5,690.0,Fell,1910-01-01,52.86667,16.63333,"[52.86667, 16.63333]"
Gualeguaychú,11432,1,H6,22000.0,Fell,1932-01-01,-33.0,-58.61667,"[-33.0, -58.61667]"
Guangmingshan,11435,1,H5,2910.0,Fell,1996-01-01,39.80417,122.76389,"[39.80417, 122.76389]"
Guangnan,11436,1,L6,,Fell,1983-01-01,24.1,105.0,"[24.1, 105.0]"
Guangrao,11437,1,L6,1900.0,Fell,1980-01-01,37.1,118.4,"[37.1, 118.4]"
Guareña,11439,1,H6,39000.0,Fell,1892-01-01,38.73333,-6.01667,"[38.73333, -6.01667]"
Guêa,11440,1,Stone-uncl,1915.0,Fell,1891-01-01,43.76667,20.23333,"[43.76667, 20.23333]"
Guibga,11442,1,L5,288.0,Fell,1972-01-01,13.5,-0.68333,"[13.5, -0.68333]"
Guidder,11443,1,LL5,968.0,Fell,1949-01-01,9.91667,13.98333,"[9.91667, 13.98333]"
Gujargaon,11448,1,H5,2449.0,Fell,1982-01-01,22.98333,76.05,"[22.98333, 76.05]"
Gujba,11449,1,CBa,100000.0,Fell,1984-01-01,11.49167,11.65833,"[11.49167, 11.65833]"
Gumoschnik,11450,1,H5,5700.0,Fell,1904-01-01,42.9,24.7,"[42.9, 24.7]"
Gurram Konda,11464,1,L6,28.0,Fell,1814-01-01,13.78333,78.56667,"[13.78333, 78.56667]"
Gursum,11465,1,H4/5,34650.0,Fell,1981-01-01,9.36667,42.41667,"[9.36667, 42.41667]"
Gütersloh,11466,1,H3/4,1000.0,Fell,1851-01-01,51.91667,8.38333,"[51.91667, 8.38333]"
Gyokukei,11467,1,OC,1320.0,Fell,1930-01-01,35.0,127.5,"[35.0, 127.5]"
Hachi-oji,11468,1,H?,0.2,Fell,1817-01-01,35.65,139.33333,"[35.65, 139.33333]"
Hainaut,11472,1,H3-6,9000.0,Fell,1934-01-01,50.31667,3.73333,"[50.31667, 3.73333]"
Hallingeberg,11479,1,L3.4,1456.0,Fell,1944-01-01,57.81667,16.23333,"[57.81667, 16.23333]"
Hamlet,11485,1,LL4,3710.0,Fell,1959-01-01,41.38333,-86.6,"[41.38333, -86.6]"
Haraiya,11824,1,Eucrite-mmict,1000.0,Fell,1878-01-01,26.8,82.53333,"[26.8, 82.53333]"
Haripura,11829,1,CM2,315.0,Fell,1921-01-01,28.38333,75.78333,"[28.38333, 75.78333]"
Harleton,11830,1,L6,8360.0,Fell,1961-01-01,32.675,-94.51167,"[32.675, -94.51167]"
Harrison County,11842,1,L6,680.0,Fell,1859-01-01,38.25,-86.16667,"[38.25, -86.16667]"
Hashima,11848,1,H4,1110.6,Fell,1910-01-01,35.2945,136.70033,"[35.2945, 136.70033]"
Hassi-Jekna,11852,1,"Iron, IAB-sHL",1250.0,Fell,1890-01-01,28.95,0.81667,"[28.95, 0.81667]"
Hatford,11855,1,Stone-uncl,29000.0,Fell,1628-01-01,51.65,-1.51667,"[51.65, -1.51667]"
Haverö,11859,1,Ureilite,1544.0,Fell,1971-01-01,60.24556,22.06194,"[60.24556, 22.06194]"
Hedeskoga,11869,1,H5,3500.0,Fell,1922-01-01,55.46667,13.78333,"[55.46667, 13.78333]"
Hedjaz,11870,1,L3.7-6,6100.0,Fell,1910-01-01,27.33333,35.66667,"[27.33333, 35.66667]"
Heredia,11875,1,H5,1000.0,Fell,1857-01-01,10.0,-84.1,"[10.0, -84.1]"
Hessle,11878,1,H5,20000.0,Fell,1869-01-01,59.85,17.66667,"[59.85, 17.66667]"
Higashi-koen,11883,1,H5,750.0,Fell,1897-01-01,33.6,130.43333,"[33.6, 130.43333]"
High Possil,11884,1,L6,4500.0,Fell,1804-01-01,55.9,-4.23333,"[55.9, -4.23333]"
Hiroshima,11889,1,H5,414.0,Fell,2003-01-01,34.45,132.38333,"[34.45, 132.38333]"
Hoima,44714,1,H6,167.7,Fell,2003-01-01,1.345,31.47278,"[1.345, 31.47278]"
Hökmark,11893,1,L4,305.5,Fell,1954-01-01,64.43333,21.2,"[64.43333, 21.2]"
Holbrook,11894,1,L/LL6,220000.0,Fell,1912-01-01,34.9,-110.18333,"[34.9, -110.18333]"
Holetta,11895,1,Stone-uncl,1415.0,Fell,1923-01-01,9.06667,38.41667,"[9.06667, 38.41667]"
Homestead,11901,1,L5,230000.0,Fell,1875-01-01,41.8,-91.86667,"[41.8, -91.86667]"
Honolulu,11904,1,L5,2420.0,Fell,1825-01-01,21.3,-157.86667,"[21.3, -157.86667]"
Hotse,11913,1,L6,180.0,Fell,1956-01-01,35.66667,115.5,"[35.66667, 115.5]"
Hoxie,11915,1,OC,266.1,Fell,1963-01-01,39.35,-100.45,"[39.35, -100.45]"
Hraschina,11916,1,"Iron, IID",49000.0,Fell,1751-01-01,46.1,16.33333,"[46.1, 16.33333]"
Huaxi,54719,1,H5,1600.0,Fell,2010-01-01,26.46469,106.63241,"[26.46469, 106.63241]"
Hungen,11986,1,H6,112.0,Fell,1877-01-01,50.3,8.91667,"[50.3, 8.91667]"
Hvittis,11989,1,EL6,14000.0,Fell,1901-01-01,61.18333,22.68333,"[61.18333, 22.68333]"
Ibbenbüren,11992,1,Diogenite,2000.0,Fell,1870-01-01,52.28333,7.7,"[52.28333, 7.7]"
Ibitira,11993,1,Eucrite-mmict,2500.0,Fell,1957-01-01,-20.0,-45.0,"[-20.0, -45.0]"
Ibrisim,11994,1,OC,,Fell,1949-01-01,38.0,35.0,"[38.0, 35.0]"
Ichkala,11995,1,H6,3973.0,Fell,1936-01-01,58.2,82.93333,"[58.2, 82.93333]"
Idutywa,12000,1,H5,3457.0,Fell,1956-01-01,-32.1,28.33333,"[-32.1, 28.33333]"
Iguaracu,12003,1,H5,1200.0,Fell,1977-01-01,-23.2,-51.83333,"[-23.2, -51.83333]"
Ijopega,12004,1,H6,7330.0,Fell,1975-01-01,-6.03333,145.36667,"[-6.03333, 145.36667]"
Indarch,12027,1,EH4,27000.0,Fell,1891-01-01,39.75,46.66667,"[39.75, 46.66667]"
Independence,12028,1,L6,880.0,Fell,1917-01-01,39.08333,-94.4,"[39.08333, -94.4]"
Inner Mongolia,12037,1,L6,3000.0,Fell,1963-01-01,41.0,112.0,"[41.0, 112.0]"
Innisfree,12039,1,L5,4576.0,Fell,1977-01-01,53.415,-111.3375,"[53.415, -111.3375]"
Ipiranga,12043,1,H6,7000.0,Fell,1972-01-01,-25.5,-54.5,"[-25.5, -54.5]"
Ishinga,12049,1,H,1300.0,Fell,1954-01-01,-8.93333,33.8,"[-8.93333, 33.8]"
Isthilart,12053,1,H5,3050.0,Fell,1928-01-01,-31.18333,-57.95,"[-31.18333, -57.95]"
Itapicuru-Mirim,12056,1,H5,2024.0,Fell,1879-01-01,-3.4,-44.33333,"[-3.4, -44.33333]"
Itqiy,12058,1,EH7-an,4720.0,Fell,1990-01-01,26.59083,-12.95217,"[26.59083, -12.95217]"
Ivuna,12063,1,CI1,704.5,Fell,1938-01-01,-8.41667,32.43333,"[-8.41667, 32.43333]"
Jackalsfontein,12065,1,L6,48000.0,Fell,1903-01-01,-32.5,21.9,"[-32.5, 21.9]"
Jajh deh Kot Lalu,12067,1,EL6,973.0,Fell,1926-01-01,26.75,68.41667,"[26.75, 68.41667]"
Jalanash,12068,1,Ureilite,700.0,Fell,1990-01-01,,,
Jalandhar,12069,1,Iron,1967.0,Fell,1621-01-01,31.0,75.0,"[31.0, 75.0]"
Jamkheir,12072,1,H6,22.0,Fell,1866-01-01,18.75,75.33333,"[18.75, 75.33333]"
Jartai,12074,1,L6,20500.0,Fell,1979-01-01,39.7,105.8,"[39.7, 105.8]"
Jelica,12078,1,LL6,34000.0,Fell,1889-01-01,43.83333,20.44167,"[43.83333, 20.44167]"
Jemlapur,12079,1,L6,450.0,Fell,1901-01-01,,,
Jesenice,51589,1,L6,3667.0,Fell,2009-01-01,46.42137,14.05217,"[46.42137, 14.05217]"
Jhung,12085,1,L5,5900.0,Fell,1873-01-01,31.3,72.38333,"[31.3, 72.38333]"
Jiange,12086,1,H5,222.0,Fell,1964-01-01,31.91667,104.91667,"[31.91667, 104.91667]"
Jianshi,12087,1,"Iron, IIIAB",600000.0,Fell,1890-01-01,30.80833,109.5,"[30.80833, 109.5]"
Jilin,12171,1,H5,4000000.0,Fell,1976-01-01,44.05,126.16667,"[44.05, 126.16667]"
Jodiya,47362,1,L5,100.0,Fell,2006-01-01,22.68,70.31333,"[22.68, 70.31333]"
Jodzie,12173,1,Howardite,30.0,Fell,1877-01-01,55.7,24.4,"[55.7, 24.4]"
Johnstown,12198,1,Diogenite,40300.0,Fell,1924-01-01,40.35,-104.9,"[40.35, -104.9]"
Jolomba,12199,1,LL6,483.0,Fell,1974-01-01,-11.85,15.83333,"[-11.85, 15.83333]"
Jonzac,12202,1,Eucrite-mmict,5000.0,Fell,1819-01-01,45.43333,-0.45,"[45.43333, -0.45]"
Juancheng,12203,1,H5,100000.0,Fell,1997-01-01,35.5,115.41667,"[35.5, 115.41667]"
Judesegeri,12207,1,H6,680.0,Fell,1876-01-01,12.85,76.8,"[12.85, 76.8]"
Jumapalo,12209,1,L6,32490.0,Fell,1984-01-01,-7.71667,111.2,"[-7.71667, 111.2]"
Junan,12210,1,L6,950.0,Fell,1976-01-01,35.2,118.8,"[35.2, 118.8]"
Juromenha,12213,1,"Iron, IIIAB",25250.0,Fell,1968-01-01,38.74028,-7.27,"[38.74028, -7.27]"
Juvinas,12214,1,Eucrite-mmict,91000.0,Fell,1821-01-01,44.71667,4.3,"[44.71667, 4.3]"
Kaba,12218,1,CV3,3000.0,Fell,1857-01-01,47.35,21.3,"[47.35, 21.3]"
Kabo,12220,1,H4,13400.0,Fell,1971-01-01,11.85,8.21667,"[11.85, 8.21667]"
Kadonah,12221,1,H6,89.0,Fell,1822-01-01,27.08333,78.33333,"[27.08333, 78.33333]"
Kaee,12222,1,H5,230.0,Fell,1838-01-01,27.25,79.96667,"[27.25, 79.96667]"
Kagarlyk,12227,1,L6,1900.0,Fell,1908-01-01,49.86667,30.83333,"[49.86667, 30.83333]"
Kaidun,12228,1,CR2,2000.0,Fell,1980-01-01,15.0,48.3,"[15.0, 48.3]"
Kainsaz,12229,1,CO3.2,200000.0,Fell,1937-01-01,55.43333,53.25,"[55.43333, 53.25]"
Kakangari,12230,1,K3,350.0,Fell,1890-01-01,12.38333,78.51667,"[12.38333, 78.51667]"
Kakowa,12231,1,L6,577.0,Fell,1858-01-01,45.13333,21.66667,"[45.13333, 21.66667]"
Kalaba,12232,1,H4,950.0,Fell,1951-01-01,-6.83333,29.5,"[-6.83333, 29.5]"
Kalumbi,12236,1,L6,4500.0,Fell,1879-01-01,17.83333,73.98333,"[17.83333, 73.98333]"
Kamalpur,12238,1,L6,2770.0,Fell,1942-01-01,26.03333,81.46667,"[26.03333, 81.46667]"
Kamiomi,12240,1,H5,448.0,Fell,1913-01-01,36.04167,139.95667,"[36.04167, 139.95667]"
Kamsagar,12241,1,L6,1293.0,Fell,1902-01-01,14.18333,75.8,"[14.18333, 75.8]"
Kandahar (Afghanistan),12243,1,L6,299.0,Fell,1959-01-01,31.6,65.78333,"[31.6, 65.78333]"
Kangean,12245,1,H5,1630.0,Fell,1908-01-01,-7.0,115.5,"[-7.0, 115.5]"
Kangra Valley,12246,1,H5,400.0,Fell,1897-01-01,32.08333,76.3,"[32.08333, 76.3]"
Kapoeta,12251,1,Howardite,11355.0,Fell,1942-01-01,4.7,33.63333,"[4.7, 33.63333]"
Kaprada,47357,1,L5/6,1600.0,Fell,2004-01-01,20.33916,73.22329,"[20.33916, 73.22329]"
Kaptal-Aryk,12253,1,L6,3500.0,Fell,1937-01-01,42.45,73.36667,"[42.45, 73.36667]"
Karakol,12256,1,LL6,3000.0,Fell,1840-01-01,47.21667,81.01667,"[47.21667, 81.01667]"
Karatu,12258,1,LL6,2220.0,Fell,1963-01-01,-3.5,35.58333,"[-3.5, 35.58333]"
Karewar,12260,1,L6,180.0,Fell,1949-01-01,12.9,7.15,"[12.9, 7.15]"
Karkh,12262,1,L6,22000.0,Fell,1905-01-01,27.8,67.16667,"[27.8, 67.16667]"
Karloowala,12263,1,L6,2950.0,Fell,1955-01-01,31.58333,71.6,"[31.58333, 71.6]"
Karoonda,12264,1,CK4,41730.0,Fell,1930-01-01,-35.08333,139.91667,"[-35.08333, 139.91667]"
Kasamatsu,12266,1,H,710.0,Fell,1938-01-01,35.36667,136.76667,"[35.36667, 136.76667]"
Kasauli,30740,1,H4,16820.0,Fell,2003-01-01,29.58333,77.58333,"[29.58333, 77.58333]"
Katagum,35465,1,L6,1500.0,Fell,1999-01-01,11.33333,10.08333,"[11.33333, 10.08333]"
Kavarpura,47351,1,"Iron, IIE-an",6800.0,Fell,2006-01-01,25.14333,75.81333,"[25.14333, 75.81333]"
Kayakent,12268,1,"Iron, IIIAB",85000.0,Fell,1961-01-01,39.26333,31.78,"[39.26333, 31.78]"
Kediri,12270,1,L4,3300.0,Fell,1940-01-01,-7.75,112.01667,"[-7.75, 112.01667]"
Kemer,53654,1,L4,5760.0,Fell,2008-01-01,36.54194,29.41822,"[36.54194, 29.41822]"
Kendleton,12275,1,L4,6937.0,Fell,1939-01-01,29.45,-96.0,"[29.45, -96.0]"
Kendrapara,12276,1,H4-5,6669.2,Fell,2003-01-01,20.4625,86.70278,"[20.4625, 86.70278]"
Kerilis,12282,1,H5,5000.0,Fell,1874-01-01,48.4,-3.3,"[48.4, -3.3]"
Kernouve,12284,1,H6,80000.0,Fell,1869-01-01,48.11667,-3.08333,"[48.11667, -3.08333]"
Kesen,12286,1,H4,135000.0,Fell,1850-01-01,38.98333,141.61667,"[38.98333, 141.61667]"
Khairpur,12288,1,EL6,13600.0,Fell,1873-01-01,29.53333,72.3,"[29.53333, 72.3]"
Khanpur,12289,1,LL5,3698.0,Fell,1932-01-01,25.55,83.11667,"[25.55, 83.11667]"
Kharkov,12291,1,L6,1500.0,Fell,1787-01-01,50.625,35.075,"[50.625, 35.075]"
Kheragur,12294,1,L6,450.0,Fell,1860-01-01,26.95,77.88333,"[26.95, 77.88333]"
Khetri,12296,1,H6,100.0,Fell,1867-01-01,28.01667,75.81667,"[28.01667, 75.81667]"
Khmelevka,12297,1,L5,6109.0,Fell,1929-01-01,56.75,75.33333,"[56.75, 75.33333]"
Khohar,12298,1,L3.6,9700.0,Fell,1910-01-01,25.1,81.53333,"[25.1, 81.53333]"
Khor Temiki,12299,1,Aubrite,3200.0,Fell,1932-01-01,16.0,36.0,"[16.0, 36.0]"
Kidairat,12300,1,H6,100000.0,Fell,1983-01-01,14.0,28.0,"[14.0, 28.0]"
Kiel,12301,1,L6,737.6,Fell,1962-01-01,54.4,10.15,"[54.4, 10.15]"
Kiffa,12303,1,H5,1500.0,Fell,1970-01-01,16.58333,-11.33333,"[16.58333, -11.33333]"
Kijima (1906),12305,1,Stone-uncl,331.0,Fell,1906-01-01,36.85,138.38333,"[36.85, 138.38333]"
Kikino,12306,1,H6,195.0,Fell,1809-01-01,55.0,34.0,"[55.0, 34.0]"
Kilabo,12307,1,LL6,19000.0,Fell,2002-01-01,12.76667,9.8,"[12.76667, 9.8]"
Kilbourn,12308,1,H5,772.0,Fell,1911-01-01,43.58333,-89.6,"[43.58333, -89.6]"
Killeter,12309,1,H6,140.0,Fell,1844-01-01,54.66667,-7.66667,"[54.66667, -7.66667]"
Kingai,12316,1,H6,67.4,Fell,1967-01-01,11.63333,24.68333,"[11.63333, 24.68333]"
Kirbyville,12321,1,Eucrite-mmict,97.7,Fell,1906-01-01,30.75,-95.95,"[30.75, -95.95]"
Kisvarsány,12325,1,L6,1550.0,Fell,1914-01-01,48.16667,22.30833,"[48.16667, 22.30833]"
Kitchener,12326,1,L6,202.6,Fell,1998-01-01,43.38333,-80.38333,"[43.38333, -80.38333]"
Klein-Wenden,12332,1,H6,3250.0,Fell,1843-01-01,51.6,10.8,"[51.6, 10.8]"
Knyahinya,12335,1,L/LL5,500000.0,Fell,1866-01-01,48.9,22.4,"[48.9, 22.4]"
Kobe,12336,1,CK4,136.0,Fell,1999-01-01,34.73333,135.16667,"[34.73333, 135.16667]"
Kokubunji,12342,1,L6,11510.0,Fell,1986-01-01,34.3,133.95,"[34.3, 133.95]"
Komagome,12343,1,Iron,238.0,Fell,1926-01-01,35.73333,139.75,"[35.73333, 139.75]"
Konovo,12344,1,LL5,90.0,Fell,1931-01-01,42.51667,26.16667,"[42.51667, 26.16667]"
Košice,53810,1,H5,4300.0,Fell,2010-01-01,48.76367,21.17633,"[48.76367, 21.17633]"
Krähenberg,12353,1,LL5,16500.0,Fell,1869-01-01,49.32694,7.46472,"[49.32694, 7.46472]"
Krasnoi-Ugol,12355,1,L6,2440.0,Fell,1829-01-01,54.03333,40.9,"[54.03333, 40.9]"
Krasnyi Klyuch,12357,1,H5,4000.0,Fell,1946-01-01,54.33333,56.08333,"[54.33333, 56.08333]"
Krutikha,12363,1,OC,845.2,Fell,1906-01-01,56.8,77.0,"[56.8, 77.0]"
Krymka,12364,1,LL3.2,50000.0,Fell,1946-01-01,47.83333,30.76667,"[47.83333, 30.76667]"
Kukschin,12368,1,L6,2250.0,Fell,1938-01-01,51.15,31.7,"[51.15, 31.7]"
Kulak,12369,1,L5,453.6,Fell,1961-01-01,30.73111,66.80222,"[30.73111, 66.80222]"
Kuleschovka,12370,1,L6,6000.0,Fell,1811-01-01,50.75,33.5,"[50.75, 33.5]"
Kulp,12373,1,H6,3719.0,Fell,1906-01-01,41.11667,45.0,"[41.11667, 45.0]"
Kunashak,12377,1,L6,200000.0,Fell,1949-01-01,55.78333,61.36667,"[55.78333, 61.36667]"
Kunya-Urgench,12379,1,H5,1100000.0,Fell,1998-01-01,42.25,59.2,"[42.25, 59.2]"
Kushiike,12381,1,OC,4460.0,Fell,1920-01-01,37.05,138.38333,"[37.05, 138.38333]"
Kusiali,12382,1,L6,5.0,Fell,1860-01-01,29.68333,78.38333,"[29.68333, 78.38333]"
Kutais,12383,1,H5,23.0,Fell,1977-01-01,44.51667,39.3,"[44.51667, 39.3]"
Kuttippuram,12384,1,L6,45000.0,Fell,1914-01-01,10.83333,76.03333,"[10.83333, 76.03333]"
Kuznetzovo,12385,1,L6,4047.0,Fell,1932-01-01,55.2,75.33333,"[55.2, 75.33333]"
Kyushu,12390,1,L6,45000.0,Fell,1886-01-01,32.03333,130.63333,"[32.03333, 130.63333]"
La Bécasse,12392,1,L6,2800.0,Fell,1879-01-01,47.08333,1.75,"[47.08333, 1.75]"
La Charca,12394,1,OC,399.0,Fell,1878-01-01,20.66667,-101.28333,"[20.66667, -101.28333]"
La Colina,12395,1,H5,2000.0,Fell,1924-01-01,-37.33333,-61.53333,"[-37.33333, -61.53333]"
La Criolla,12396,1,L6,45000.0,Fell,1985-01-01,-31.23333,-58.16667,"[-31.23333, -58.16667]"
Laborel,12408,1,H5,3833.0,Fell,1871-01-01,44.28333,5.58333,"[44.28333, 5.58333]"
Lahrauli,12433,1,Ureilite,900.0,Fell,1955-01-01,26.78333,82.71667,"[26.78333, 82.71667]"
L'Aigle,12434,1,L6,37000.0,Fell,1803-01-01,48.76667,0.63333,"[48.76667, 0.63333]"
Cumulus Hills 04075,32531,1,Pallasite,9.6,Found,2003-01-01,,,
Lakangaon,12435,1,Eucrite-mmict,212.5,Fell,1910-01-01,21.86667,76.03333,"[21.86667, 76.03333]"
Lalitpur,12451,1,L6,372.0,Fell,1887-01-01,24.45,78.56667,"[24.45, 78.56667]"
Lancé,12455,1,CO3.5,51700.0,Fell,1872-01-01,47.7,1.06667,"[47.7, 1.06667]"
Lancon,12456,1,H6,7000.0,Fell,1897-01-01,43.75,5.11667,"[43.75, 5.11667]"
Långhalsen,12461,1,L6,2300.0,Fell,1947-01-01,58.85,16.73333,"[58.85, 16.73333]"
Lanxi,12464,1,L6,1282.0,Fell,1986-01-01,46.24167,126.19611,"[46.24167, 126.19611]"
Lanzenkirchen,12465,1,L4,7000.0,Fell,1925-01-01,47.75,16.23333,"[47.75, 16.23333]"
Laochenzhen,12466,1,H5,14250.0,Fell,1987-01-01,33.13333,115.16667,"[33.13333, 115.16667]"
Launton,12740,1,L6,1060.0,Fell,1830-01-01,51.9,-1.11667,"[51.9, -1.11667]"
Lavrentievka,12743,1,L6,800.0,Fell,1938-01-01,52.45,51.56667,"[52.45, 51.56667]"
Le Pressoir,12748,1,H5,3000.0,Fell,1845-01-01,47.16667,0.43333,"[47.16667, 0.43333]"
Le Teilleul,12749,1,Howardite,780.0,Fell,1845-01-01,48.53333,-0.86667,"[48.53333, -0.86667]"
Leedey,12755,1,L6,51500.0,Fell,1943-01-01,35.88333,-99.33333,"[35.88333, -99.33333]"
Leeuwfontein,12756,1,L6,460.0,Fell,1912-01-01,-25.66667,28.36667,"[-25.66667, 28.36667]"
Leighlinbridge,12759,1,L6,271.4,Fell,1999-01-01,52.66667,-6.96667,"[52.66667, -6.96667]"
Leighton,12760,1,H5,877.0,Fell,1907-01-01,34.58333,-87.5,"[34.58333, -87.5]"
Leonovka,12765,1,L6,700.0,Fell,1900-01-01,52.26667,32.85,"[52.26667, 32.85]"
Les Ormes,12769,1,L6,125.0,Fell,1857-01-01,48.35,3.25,"[48.35, 3.25]"
Lesves,12772,1,L6,2000.0,Fell,1896-01-01,50.36667,4.73333,"[50.36667, 4.73333]"
Lichtenberg,14646,1,H6,4000.0,Fell,1973-01-01,-26.15,26.18333,"[-26.15, 26.18333]"
Lillaverke,14650,1,H5,6862.0,Fell,1930-01-01,56.65,15.86667,"[56.65, 15.86667]"
Limerick,14652,1,H5,50000.0,Fell,1813-01-01,52.56667,-8.78333,"[52.56667, -8.78333]"
Linum,14655,1,L6,1862.0,Fell,1854-01-01,52.75,12.9,"[52.75, 12.9]"
Lishui,14659,1,L5,498.0,Fell,1978-01-01,31.63333,118.98333,"[31.63333, 118.98333]"
Lissa,14661,1,L6,12800.0,Fell,1808-01-01,50.2,14.85,"[50.2, 14.85]"
Little Piney,14664,1,L5,491.0,Fell,1839-01-01,37.91667,-92.08333,"[37.91667, -92.08333]"
Lixna,14670,1,H4,5213.0,Fell,1820-01-01,56.0,26.43333,"[56.0, 26.43333]"
Lodran,14675,1,Lodranite,1000.0,Fell,1868-01-01,29.53333,71.8,"[29.53333, 71.8]"
Lohawat,14678,1,Howardite,40000.0,Fell,1994-01-01,26.96556,72.62667,"[26.96556, 72.62667]"
Lorton,52843,1,L6,329.7,Fell,2010-01-01,38.70066,-77.21163,"[38.70066, -77.21163]"
Los Martinez,14708,1,L6,25.0,Fell,1894-01-01,38.0,-0.83333,"[38.0, -0.83333]"
Lost City,14711,1,H5,17000.0,Fell,1970-01-01,36.00833,-95.15,"[36.00833, -95.15]"
Louisville,14716,1,L6,1300.0,Fell,1977-01-01,38.25,-85.75,"[38.25, -85.75]"
Łowicz,14718,1,Mesosiderite-A3,59000.0,Fell,1935-01-01,52.0,19.91667,"[52.0, 19.91667]"
Lua,14721,1,L5,9241.0,Fell,1926-01-01,24.95,75.15,"[24.95, 75.15]"
Lucé,14724,1,L6,3500.0,Fell,1768-01-01,47.85,0.48333,"[47.85, 0.48333]"
Lumpkin,14753,1,L6,340.0,Fell,1869-01-01,32.03333,-84.76667,"[32.03333, -84.76667]"
Lunan,14754,1,H6,2520.0,Fell,1980-01-01,24.8,103.3,"[24.8, 103.3]"
Lundsgård,14755,1,L6,11000.0,Fell,1889-01-01,56.21667,13.03333,"[56.21667, 13.03333]"
Luotolax,14756,1,Howardite,885.0,Fell,1813-01-01,61.2,27.7,"[61.2, 27.7]"
Luponnas,14757,1,H3-5,14000.0,Fell,1753-01-01,46.21667,5.0,"[46.21667, 5.0]"
Lusaka,14759,1,Unknown,,Fell,1951-01-01,-7.21667,29.43333,"[-7.21667, 29.43333]"
Mabwe-Khoywa,14764,1,L5,540.0,Fell,1937-01-01,19.0,97.0,"[19.0, 97.0]"
Macau,15370,1,H5,1500.0,Fell,1836-01-01,-5.2,-36.66667,"[-5.2, -36.66667]"
Machinga,15371,1,L6,93200.0,Fell,1981-01-01,-15.21222,35.24222,"[-15.21222, 35.24222]"
Macibini,15372,1,Eucrite-pmict,1995.0,Fell,1936-01-01,-28.83333,31.95,"[-28.83333, 31.95]"
Madhipura,15379,1,L,1000.0,Fell,1950-01-01,25.91667,86.36667,"[25.91667, 86.36667]"
Madiun,15380,1,L6,400.0,Fell,1935-01-01,-7.75,111.53333,"[-7.75, 111.53333]"
Madrid,15382,1,L6,400.0,Fell,1896-01-01,40.41667,-3.71667,"[40.41667, -3.71667]"
Mafra,15383,1,L3-4,600.0,Fell,1941-01-01,-26.16667,-49.93333,"[-26.16667, -49.93333]"
Magnesia,15386,1,"Iron, IAB-sHL",5000.0,Fell,1899-01-01,37.86667,27.51667,"[37.86667, 27.51667]"
Magombedze,15387,1,H3-5,666.6,Fell,1990-01-01,-19.48333,31.65,"[-19.48333, 31.65]"
Mahadevpur,47361,1,H4/5,70500.0,Fell,2007-01-01,27.66667,95.78333,"[27.66667, 95.78333]"
Maigatari-Danduma,30751,1,H5/6,4629.0,Fell,2004-01-01,12.83333,9.38333,"[12.83333, 9.38333]"
Malaga,15393,1,OC,150.0,Fell,1933-01-01,32.21667,-104.0,"[32.21667, -104.0]"
Malakal,15394,1,L5,2000.0,Fell,1970-01-01,9.5,31.75,"[9.5, 31.75]"
Malampaka,15395,1,H,470.0,Fell,1930-01-01,-3.13333,33.51667,"[-3.13333, 33.51667]"
Malotas,15397,1,H5,,Fell,1931-01-01,-28.93333,-63.23333,"[-28.93333, -63.23333]"
Malvern,15400,1,Eucrite-pmict,807.0,Fell,1933-01-01,-29.45,26.76667,"[-29.45, 26.76667]"
Mamra Springs,15401,1,L6,1000.0,Fell,1927-01-01,45.21667,62.08333,"[45.21667, 62.08333]"
Manbhoom,15402,1,LL6,1700.0,Fell,1863-01-01,23.05,86.7,"[23.05, 86.7]"
Manegaon,15403,1,Diogenite,50.0,Fell,1843-01-01,20.96667,76.1,"[20.96667, 76.1]"
Mangwendi,15405,1,LL6,22300.0,Fell,1934-01-01,-17.65,31.6,"[-17.65, 31.6]"
Manych,15409,1,LL3.4,3555.0,Fell,1951-01-01,45.81667,44.63333,"[45.81667, 44.63333]"
Mardan,15414,1,H5,4500.0,Fell,1948-01-01,34.23333,72.08333,"[34.23333, 72.08333]"
Maria Linden,15418,1,L4,114.0,Fell,1925-01-01,,,
Mariaville,15419,1,Iron,340.0,Fell,1898-01-01,42.71667,-99.38333,"[42.71667, -99.38333]"
Maribo,48973,1,CM2,25.81,Fell,2009-01-01,54.76183,11.46745,"[54.76183, 11.46745]"
Maridi,15421,1,H6,3200.0,Fell,1941-01-01,4.66667,29.25,"[4.66667, 29.25]"
Marilia,15422,1,H4,2500.0,Fell,1971-01-01,-22.25,-49.93333,"[-22.25, -49.93333]"
Marion (Iowa),15424,1,L6,28400.0,Fell,1847-01-01,41.9,-91.6,"[41.9, -91.6]"
Marjalahti,15426,1,"Pallasite, PMG",45000.0,Fell,1902-01-01,61.5,30.5,"[61.5, 30.5]"
Marmande,15429,1,L5,3000.0,Fell,1848-01-01,44.5,0.15,"[44.5, 0.15]"
Maromandia,15430,1,L6,6000.0,Fell,2002-01-01,-14.2,48.1,"[-14.2, 48.1]"
Maryville,15436,1,L6,1443.0,Fell,1983-01-01,35.8,-84.1,"[35.8, -84.1]"
Mascombes,15438,1,L6,1000.0,Fell,1836-01-01,45.36667,1.86667,"[45.36667, 1.86667]"
Mason Gully,53653,1,H5,24.54,Fell,2010-01-01,0.0,0.0,"[0.0, 0.0]"
Mässing,15443,1,Howardite,1600.0,Fell,1803-01-01,48.13333,12.61667,"[48.13333, 12.61667]"
Mauerkirchen,15446,1,L6,19000.0,Fell,1768-01-01,48.18333,13.13333,"[48.18333, 13.13333]"
Mauritius,15447,1,L6,220.0,Fell,1801-01-01,-20.0,57.0,"[-20.0, 57.0]"
Mayo Belwa,15451,1,Aubrite,4850.0,Fell,1974-01-01,8.96667,12.08333,"[8.96667, 12.08333]"
Mazapil,15453,1,"Iron, IAB-sLL",4000.0,Fell,1885-01-01,24.68333,-101.68333,"[24.68333, -101.68333]"
Maziba,15454,1,L6,4975.0,Fell,1942-01-01,-1.21667,30.0,"[-1.21667, 30.0]"
Mbale,15455,1,L5/6,150000.0,Fell,1992-01-01,1.06667,34.16667,"[1.06667, 34.16667]"
Medanitos,15467,1,Eucrite-cm,31.0,Fell,1953-01-01,-27.25,-67.5,"[-27.25, -67.5]"
Meerut,15469,1,H5,22.0,Fell,1861-01-01,29.01667,77.8,"[29.01667, 77.8]"
Meester-Cornelis,15470,1,H5,24750.0,Fell,1915-01-01,-6.23333,106.88333,"[-6.23333, 106.88333]"
Menow,15485,1,H4,10500.0,Fell,1862-01-01,53.18333,13.15,"[53.18333, 13.15]"
Menziswyl,15486,1,L5,28.9,Fell,1903-01-01,46.81867,7.21817,"[46.81867, 7.21817]"
Mern,15489,1,L6,4000.0,Fell,1878-01-01,55.05,12.06667,"[55.05, 12.06667]"
Meru,15491,1,LL6,6000.0,Fell,1945-01-01,0.0,37.66667,"[0.0, 37.66667]"
Merua,15492,1,H5,71400.0,Fell,1920-01-01,25.48333,81.98333,"[25.48333, 81.98333]"
Messina,15495,1,L5,2405.0,Fell,1955-01-01,38.18333,15.56667,"[38.18333, 15.56667]"
Meuselbach,16626,1,L6,870.0,Fell,1897-01-01,50.58333,11.1,"[50.58333, 11.1]"
Mezel,16627,1,L6,1300.0,Fell,1949-01-01,45.76667,3.25,"[45.76667, 3.25]"
Mezö-Madaras,16628,1,L3.7,22700.0,Fell,1852-01-01,46.5,25.73333,"[46.5, 25.73333]"
Mhow,16629,1,L6,350.0,Fell,1827-01-01,25.9,83.61667,"[25.9, 83.61667]"
Mianchi,16631,1,H5,1100.0,Fell,1980-01-01,34.8,111.7,"[34.8, 111.7]"
Middlesbrough,16632,1,L6,1600.0,Fell,1881-01-01,54.56667,-1.16667,"[54.56667, -1.16667]"
Mifflin,52090,1,L5,3584.0,Fell,2010-01-01,42.9075,-90.36556,"[42.9075, -90.36556]"
Mighei,16634,1,CM2,8000.0,Fell,1889-01-01,48.06667,30.96667,"[48.06667, 30.96667]"
Mihonoseki,16635,1,L6,6380.0,Fell,1992-01-01,35.56833,133.22,"[35.56833, 133.22]"
Mike,16636,1,L6,224.2,Fell,1944-01-01,46.23333,17.53333,"[46.23333, 17.53333]"
Milena,16640,1,L6,10000.0,Fell,1842-01-01,46.18333,16.1,"[46.18333, 16.1]"
Millbillillie,16643,1,Eucrite-mmict,330000.0,Fell,1960-01-01,-26.45,120.36667,"[-26.45, 120.36667]"
Miller (Arkansas),16645,1,H5,16700.0,Fell,1930-01-01,35.4,-92.05,"[35.4, -92.05]"
Minamino,16692,1,L,1040.0,Fell,1632-01-01,35.07833,136.93333,"[35.07833, 136.93333]"
Mineo,16696,1,Pallasite,42.0,Fell,1826-01-01,37.28333,14.7,"[37.28333, 14.7]"
Min-Fan-Zhun,16697,1,LL6,5500.0,Fell,1952-01-01,32.33333,120.66667,"[32.33333, 120.66667]"
Minnichhof,16700,1,OC,550.0,Fell,1905-01-01,47.7,16.6,"[47.7, 16.6]"
Mirzapur,16701,1,L5,8510.0,Fell,1910-01-01,25.68333,83.25,"[25.68333, 83.25]"
Misshof,16703,1,H5,5800.0,Fell,1890-01-01,56.66667,23.0,"[56.66667, 23.0]"
Mjelleim,16707,1,H,100.7,Fell,1898-01-01,61.73333,5.93333,"[61.73333, 5.93333]"
Mocs,16709,1,L5-6,300000.0,Fell,1882-01-01,46.8,24.03333,"[46.8, 24.03333]"
Modoc (1905),16711,1,L6,35000.0,Fell,1905-01-01,38.5,-101.1,"[38.5, -101.1]"
Mokoia,16713,1,CV3,4500.0,Fell,1908-01-01,-39.63333,174.4,"[-39.63333, 174.4]"
Molina,16715,1,H5,144000.0,Fell,1858-01-01,38.11667,-1.16667,"[38.11667, -1.16667]"
Molteno,16717,1,Howardite,150.0,Fell,1953-01-01,-31.25,26.46667,"[-31.25, 26.46667]"
Monahans (1998),16719,1,H5,2587.0,Fell,1998-01-01,31.60833,-102.85833,"[31.60833, -102.85833]"
Monroe,16720,1,H4,8600.0,Fell,1849-01-01,35.25,-80.5,"[35.25, -80.5]"
Monte das Fortes,16725,1,L5,4885.0,Fell,1950-01-01,38.01667,-8.25,"[38.01667, -8.25]"
Monte Milone,16726,1,L5,3130.0,Fell,1846-01-01,43.26667,13.35,"[43.26667, 13.35]"
Montferré,16727,1,H5,149000.0,Fell,1923-01-01,43.39056,1.9625,"[43.39056, 1.9625]"
Montlivault,16729,1,L6,500.0,Fell,1838-01-01,47.63333,1.58333,"[47.63333, 1.58333]"
Monze,16733,1,L6,,Fell,1950-01-01,-15.96667,27.35,"[-15.96667, 27.35]"
Moore County,16736,1,Eucrite-cm,1880.0,Fell,1913-01-01,35.41667,-79.38333,"[35.41667, -79.38333]"
Mooresfort,16737,1,H5,3520.0,Fell,1810-01-01,52.45,-8.33333,"[52.45, -8.33333]"
Moorleah,16738,1,L6,8887.5,Fell,1930-01-01,-40.975,145.6,"[-40.975, 145.6]"
Moradabad,16740,1,L6,70.0,Fell,1808-01-01,28.78333,78.83333,"[28.78333, 78.83333]"
Morávka,16742,1,H5,633.0,Fell,2000-01-01,49.6,18.53333,"[49.6, 18.53333]"
Mornans,16747,1,H5,1300.0,Fell,1875-01-01,44.6,5.13333,"[44.6, 5.13333]"
Moss,36592,1,CO3.6,3763.0,Fell,2006-01-01,59.43333,10.7,"[59.43333, 10.7]"
Moti-ka-nagla,16759,1,H6,1500.0,Fell,1868-01-01,26.83333,77.33333,"[26.83333, 77.33333]"
Motta di Conti,16762,1,H4,9150.0,Fell,1868-01-01,45.2,8.5,"[45.2, 8.5]"
Mount Browne,16766,1,H6,11300.0,Fell,1902-01-01,-29.8,141.7,"[-29.8, 141.7]"
Mount Tazerzait,16804,1,L5,110000.0,Fell,1991-01-01,18.7,4.8,"[18.7, 4.8]"
Mount Vaisi,16805,1,Stone-uncl,17000.0,Fell,1637-01-01,44.08333,6.86667,"[44.08333, 6.86667]"
Mtola,16820,1,Stone-uncl,1100.0,Fell,1944-01-01,-11.5,33.5,"[-11.5, 33.5]"
Muddoor,16841,1,L5,4400.0,Fell,1865-01-01,12.63333,77.01667,"[12.63333, 77.01667]"
Mulletiwu,16851,1,L,25.5,Fell,1795-01-01,9.33333,80.83333,"[9.33333, 80.83333]"
Muraid,16874,1,L6,4703.0,Fell,1924-01-01,24.5,90.21667,"[24.5, 90.21667]"
Murchison,16875,1,CM2,100000.0,Fell,1969-01-01,-36.61667,145.2,"[-36.61667, 145.2]"
Murray,16882,1,CM2,12600.0,Fell,1950-01-01,36.6,-88.1,"[36.6, -88.1]"
Muzaffarpur,16885,1,"Iron, IAB-sHL",1245.0,Fell,1964-01-01,26.13333,85.53333,"[26.13333, 85.53333]"
Myhee Caunta,16887,1,OC,,Fell,1842-01-01,23.05,72.63333,"[23.05, 72.63333]"
Nadiabondi,16889,1,H5,8165.0,Fell,1956-01-01,12.0,1.0,"[12.0, 1.0]"
Nagai,16890,1,L6,1810.0,Fell,1922-01-01,38.12167,140.06167,"[38.12167, 140.06167]"
Nagaria,16892,1,Eucrite-cm,20.0,Fell,1875-01-01,26.98333,78.21667,"[26.98333, 78.21667]"
Nagy-Borové,16893,1,L5,6100.0,Fell,1895-01-01,49.16667,19.5,"[49.16667, 19.5]"
Nakhla,16898,1,Martian (nakhlite),10000.0,Fell,1911-01-01,31.31667,30.35,"[31.31667, 30.35]"
Nakhon Pathom,16899,1,L6,23200.0,Fell,1923-01-01,13.73333,100.08333,"[13.73333, 100.08333]"
Nammianthal,16902,1,H5,4500.0,Fell,1886-01-01,12.28333,79.2,"[12.28333, 79.2]"
Nan Yang Pao,16903,1,L6,52900.0,Fell,1917-01-01,35.66667,103.5,"[35.66667, 103.5]"
Nanjemoy,16904,1,H6,7500.0,Fell,1825-01-01,38.41667,-77.16667,"[38.41667, -77.16667]"
Nantong,16907,1,H6,529.0,Fell,1984-01-01,32.11667,121.8,"[32.11667, 121.8]"
Naoki,16908,1,H6,17000.0,Fell,1928-01-01,19.25,77.0,"[19.25, 77.0]"
Naragh,16909,1,H6,2700.0,Fell,1974-01-01,33.75,51.5,"[33.75, 51.5]"
Narellan,16912,1,L6,367.5,Fell,1928-01-01,-34.05,150.68889,"[-34.05, 150.68889]"
Narni,16914,1,Stone-uncl,,Fell,0921-01-01,42.51667,12.51667,"[42.51667, 12.51667]"
Nassirah,16922,1,H4,347.0,Fell,1936-01-01,-21.73333,165.9,"[-21.73333, 165.9]"
Natal,16923,1,Stone-uncl,1.4,Fell,1973-01-01,,,
Nawapali,16927,1,CM2,105.0,Fell,1890-01-01,21.25,83.66667,"[21.25, 83.66667]"
Neagari,16934,1,L6,420.0,Fell,1995-01-01,36.44917,136.46528,"[36.44917, 136.46528]"
Nedagolla,16935,1,"Iron, ungrouped",4500.0,Fell,1870-01-01,18.68333,83.48333,"[18.68333, 83.48333]"
Nejo,16941,1,L6,2450.0,Fell,1970-01-01,9.5,35.33333,"[9.5, 35.33333]"
Nerft,16945,1,L6,10250.0,Fell,1864-01-01,56.5,21.5,"[56.5, 21.5]"
Neuschwanstein,16950,1,EL6,6189.0,Fell,2002-01-01,47.525,10.80833,"[47.525, 10.80833]"
New Concord,16953,1,L6,230000.0,Fell,1860-01-01,40.0,-81.76667,"[40.0, -81.76667]"
New Halfa,16954,1,L4,12000.0,Fell,1994-01-01,15.36667,35.68333,"[15.36667, 35.68333]"
New Orleans,16960,1,H5,19256.0,Fell,2003-01-01,29.94718,-90.10976,"[29.94718, -90.10976]"
Ngawi,16966,1,LL3.6,1393.0,Fell,1883-01-01,-7.45,111.41667,"[-7.45, 111.41667]"
N'Goureyma,16968,1,"Iron, ungrouped",37500.0,Fell,1900-01-01,13.85,-4.38333,"[13.85, -4.38333]"
Nicorps,16970,1,Stone-uncl,,Fell,1750-01-01,49.03333,-1.43333,"[49.03333, -1.43333]"
Niger (L6),16974,1,L6,3.3,Fell,1967-01-01,,,
Niger (LL6),16975,1,LL6,3.3,Fell,1967-01-01,,,
Nikolaevka,16976,1,H4,3996.0,Fell,1935-01-01,52.45,78.63333,"[52.45, 78.63333]"
Nikolskoe,16977,1,L4,6000.0,Fell,1954-01-01,56.11667,37.33333,"[56.11667, 37.33333]"
Ningbo,16980,1,"Iron, IVA",14250.0,Fell,1975-01-01,29.86667,121.48333,"[29.86667, 121.48333]"
Ningqiang,16981,1,C3-ung,4610.0,Fell,1983-01-01,32.925,105.90667,"[32.925, 105.90667]"
Nio,16982,1,H3-4,467.0,Fell,1897-01-01,34.2,131.56667,"[34.2, 131.56667]"
N'Kandhla,16983,1,"Iron, IID",17200.0,Fell,1912-01-01,-28.56667,30.7,"[-28.56667, 30.7]"
Nobleborough,16984,1,Eucrite-pmict,2300.0,Fell,1823-01-01,44.08333,-69.48333,"[44.08333, -69.48333]"
Noblesville,16985,1,H4-6,483.7,Fell,1991-01-01,40.08528,-86.055,"[40.08528, -86.055]"
Nogata,16988,1,L6,472.0,Fell,0861-01-01,33.725,130.75,"[33.725, 130.75]"
Nogoya,16989,1,CM2,4000.0,Fell,1879-01-01,-32.36667,-59.83333,"[-32.36667, -59.83333]"
Norfork,16994,1,"Iron, IIIAB",1050.0,Fell,1918-01-01,36.21667,-92.26667,"[36.21667, -92.26667]"
Norton County,17922,1,Aubrite,1100000.0,Fell,1948-01-01,39.68333,-99.86667,"[39.68333, -99.86667]"
Noventa Vicentina,17930,1,H4,177.0,Fell,1971-01-01,45.29167,11.52722,"[45.29167, 11.52722]"
Novo-Urei,17933,1,Ureilite,1900.0,Fell,1886-01-01,54.81667,46.0,"[54.81667, 46.0]"
Novy-Ergi,17934,1,Stone-uncl,,Fell,1662-01-01,58.55,31.33333,"[58.55, 31.33333]"
Novy-Projekt,17935,1,OC,1001.0,Fell,1908-01-01,56.0,22.0,"[56.0, 22.0]"
Noyan-Bogdo,17936,1,L6,250.0,Fell,1933-01-01,42.91667,102.46667,"[42.91667, 102.46667]"
Nuevo Mercurio,17938,1,H5,50000.0,Fell,1978-01-01,24.3,-102.13333,"[24.3, -102.13333]"
Nulles,17959,1,H6,5000.0,Fell,1851-01-01,41.63333,0.75,"[41.63333, 0.75]"
Numakai,17960,1,H4,363.0,Fell,1925-01-01,43.33333,141.86667,"[43.33333, 141.86667]"
Nyaung,17969,1,"Iron, IIIAB",737.6,Fell,1939-01-01,21.20833,94.91667,"[21.20833, 94.91667]"
Nyirábrany,17970,1,LL5,1100.0,Fell,1914-01-01,47.55,22.025,"[47.55, 22.025]"
Ochansk,17979,1,H4,500000.0,Fell,1887-01-01,57.78333,55.26667,"[57.78333, 55.26667]"
Oesede,17988,1,H5,1400.0,Fell,1927-01-01,52.28333,8.05,"[52.28333, 8.05]"
Oesel,17989,1,L6,6000.0,Fell,1855-01-01,58.5,23.0,"[58.5, 23.0]"
Ofehértó,17990,1,L6,3750.0,Fell,1900-01-01,47.88333,22.03333,"[47.88333, 22.03333]"
Ogi,17994,1,H6,14360.0,Fell,1741-01-01,33.28333,130.2,"[33.28333, 130.2]"
Ohaba,17995,1,H5,16250.0,Fell,1857-01-01,46.06667,23.58333,"[46.06667, 23.58333]"
Ohuma,17996,1,L5,7700.0,Fell,1963-01-01,6.75,8.5,"[6.75, 8.5]"
Ojuelos Altos,17997,1,L6,5850.0,Fell,1926-01-01,38.18333,-5.4,"[38.18333, -5.4]"
Okabe,17998,1,H5,194.0,Fell,1958-01-01,36.18333,139.21667,"[36.18333, 139.21667]"
Okano,18000,1,"Iron, IIAB",4742.0,Fell,1904-01-01,35.08333,135.2,"[35.08333, 135.2]"
Okniny,18002,1,LL6,12000.0,Fell,1834-01-01,50.83333,25.5,"[50.83333, 25.5]"
Oldenburg (1930),18009,1,L6,16570.0,Fell,1930-01-01,52.95,8.16667,"[52.95, 8.16667]"
Oliva-Gandia,18012,1,Stone-uncl,,Fell,1520-01-01,39.0,-0.03333,"[39.0, -0.03333]"
Olivenza,18013,1,LL5,150000.0,Fell,1924-01-01,38.71667,-7.06667,"[38.71667, -7.06667]"
Olmedilla de Alarcón,18015,1,H5,40000.0,Fell,1929-01-01,39.56667,-2.1,"[39.56667, -2.1]"
Omolon,18019,1,"Pallasite, PMG",250000.0,Fell,1981-01-01,64.02,161.80833,"[64.02, 161.80833]"
Orgueil,18026,1,CI1,14000.0,Fell,1864-01-01,43.88333,1.38333,"[43.88333, 1.38333]"
Orlando,34489,1,Eucrite,180.0,Fell,2004-01-01,28.5475,-81.36222,"[28.5475, -81.36222]"
Ornans,18030,1,CO3.4,6000.0,Fell,1868-01-01,47.11667,6.15,"[47.11667, 6.15]"
Ortenau,18033,1,Stone-uncl,4500.0,Fell,1671-01-01,48.5,8.0,"[48.5, 8.0]"
Orvinio,18034,1,H6,3400.0,Fell,1872-01-01,42.13333,12.93333,"[42.13333, 12.93333]"
Oterøy,18042,1,L6,246.0,Fell,1928-01-01,58.88333,9.4,"[58.88333, 9.4]"
Otomi,18045,1,H,6510.0,Fell,1867-01-01,38.4,140.35,"[38.4, 140.35]"
Ottawa,18046,1,LL6,840.0,Fell,1896-01-01,38.6,-95.21667,"[38.6, -95.21667]"
Ouadangou,56729,1,L5,4440.0,Fell,2003-01-01,12.9,0.08,"[12.9, 0.08]"
Oued el Hadjar,18050,1,LL6,1215.5,Fell,1986-01-01,30.18,-6.57717,"[30.18, -6.57717]"
Oum Dreyga,31282,1,H3-5,17000.0,Fell,2003-01-01,24.3,-13.1,"[24.3, -13.1]"
Ourique,18052,1,H4,20000.0,Fell,1998-01-01,37.60833,-8.28,"[37.60833, -8.28]"
Ovambo,18055,1,L6,121.5,Fell,1900-01-01,-18.0,16.0,"[-18.0, 16.0]"
Oviedo,18058,1,H5,205.0,Fell,1856-01-01,43.4,-5.86667,"[43.4, -5.86667]"
Owrucz,18062,1,OC,,Fell,1775-01-01,51.33333,28.83333,"[51.33333, 28.83333]"
Pacula,18068,1,L6,3400.0,Fell,1881-01-01,21.05,-99.3,"[21.05, -99.3]"
Padvarninkai,18069,1,Eucrite-mmict,3858.0,Fell,1929-01-01,55.66667,25.0,"[55.66667, 25.0]"
Paitan,18072,1,H6,515.0,Fell,1910-01-01,17.74333,120.45583,"[17.74333, 120.45583]"
Palahatchie,18073,1,OC,,Fell,1910-01-01,32.31667,-89.71667,"[32.31667, -89.71667]"
Palca de Aparzo,18074,1,L5,1430.0,Fell,1988-01-01,-23.11667,-65.1,"[-23.11667, -65.1]"
Palinshih,18077,1,Iron,18000.0,Fell,1914-01-01,43.48333,118.61667,"[43.48333, 118.61667]"
Palmyra,18079,1,L3,135.0,Fell,1926-01-01,39.8,-91.5,"[39.8, -91.5]"
Palolo Valley,18082,1,H5,682.0,Fell,1949-01-01,21.3,-157.78333,"[21.3, -157.78333]"
Dominion Range 03239,32591,1,L6,69.5,Found,2002-01-01,,,
Pampanga,18093,1,L5,10500.0,Fell,1859-01-01,15.08333,120.7,"[15.08333, 120.7]"
Pantar,18098,1,H5,2130.0,Fell,1938-01-01,8.06667,124.28333,"[8.06667, 124.28333]"
Paragould,18101,1,LL5,408000.0,Fell,1930-01-01,36.06667,-90.5,"[36.06667, -90.5]"
Parambu,18102,1,LL5,2000.0,Fell,1967-01-01,-6.23333,-40.7,"[-6.23333, -40.7]"
Paranaiba,18103,1,L6,100000.0,Fell,1956-01-01,-19.13333,-51.66667,"[-19.13333, -51.66667]"
Park Forest,18106,1,L5,18000.0,Fell,2003-01-01,41.48472,-87.67917,"[41.48472, -87.67917]"
Parnallee,18108,1,LL3.6,77600.0,Fell,1857-01-01,9.23333,78.35,"[9.23333, 78.35]"
Parsa,18109,1,EH3,800.0,Fell,1942-01-01,26.2,85.4,"[26.2, 85.4]"
Pasamonte,18110,1,Eucrite-pmict,5100.0,Fell,1933-01-01,36.21667,-103.4,"[36.21667, -103.4]"
Patora,18112,1,H6,4375.0,Fell,1969-01-01,20.93694,82.05,"[20.93694, 82.05]"
Patrimonio,18116,1,L6,2121.0,Fell,1950-01-01,-19.53333,-48.56667,"[-19.53333, -48.56667]"
Patti,18118,1,Iron,12.0,Fell,1922-01-01,38.13333,14.96667,"[38.13333, 14.96667]"
Patwar,18171,1,Mesosiderite-A1,37350.0,Fell,1935-01-01,23.15,91.18333,"[23.15, 91.18333]"
Pavel,18173,1,H5,2968.0,Fell,1966-01-01,43.46667,25.51667,"[43.46667, 25.51667]"
Pavlodar (stone),18175,1,H5,142.5,Fell,1938-01-01,52.3,77.03333,"[52.3, 77.03333]"
Pavlograd,18176,1,L6,40000.0,Fell,1826-01-01,48.53333,35.98333,"[48.53333, 35.98333]"
Pavlovka,18177,1,Howardite,2000.0,Fell,1882-01-01,52.03333,43.0,"[52.03333, 43.0]"
Pê,18179,1,L6,,Fell,1989-01-01,11.33367,-3.54217,"[11.33367, -3.54217]"
Peace River,18180,1,L6,45760.0,Fell,1963-01-01,56.13333,-117.93333,"[56.13333, -117.93333]"
Peckelsheim,18181,1,Diogenite-pm,117.8,Fell,1953-01-01,51.66667,9.25,"[51.66667, 9.25]"
Peekskill,18782,1,H6,12570.0,Fell,1992-01-01,41.28333,-73.91667,"[41.28333, -73.91667]"
Peña Blanca Spring,18786,1,Aubrite,70000.0,Fell,1946-01-01,30.125,-103.11667,"[30.125, -103.11667]"
Peramiho,18792,1,Eucrite-mmict,165.0,Fell,1899-01-01,-10.66667,35.5,"[-10.66667, 35.5]"
Perpeti,18793,1,L6,23474.0,Fell,1935-01-01,23.325,91.0,"[23.325, 91.0]"
Perth,18797,1,LL5,2.0,Fell,1830-01-01,56.4,-3.43333,"[56.4, -3.43333]"
Pervomaisky,18798,1,L6,66000.0,Fell,1933-01-01,56.63333,39.43333,"[56.63333, 39.43333]"
Pesyanoe,18799,1,Aubrite,3393.0,Fell,1933-01-01,55.5,66.08333,"[55.5, 66.08333]"
Pétèlkolé,18800,1,H5,189.0,Fell,1995-01-01,14.052,0.42,"[14.052, 0.42]"
Petersburg,18801,1,Eucrite-pmict,1800.0,Fell,1855-01-01,35.3,-86.63333,"[35.3, -86.63333]"
Pettiswood,18804,1,Stone-uncl,,Fell,1779-01-01,53.53333,-7.33333,"[53.53333, -7.33333]"
Phillips County (stone),18808,1,L6,57900.0,Fell,1901-01-01,40.0,-99.25,"[40.0, -99.25]"
Phu Hong,18809,1,H4,500.0,Fell,1887-01-01,11.25,108.58333,"[11.25, 108.58333]"
Phum Sambo,18811,1,H4,7800.0,Fell,1933-01-01,12.0,105.48333,"[12.0, 105.48333]"
Phuoc-Binh,18812,1,L5,11000.0,Fell,1941-01-01,15.71667,108.1,"[15.71667, 108.1]"
Piancaldoli,18813,1,LL3.4,13.1,Fell,1968-01-01,44.24417,11.50222,"[44.24417, 11.50222]"
Picote,18816,1,Stone-uncl,,Fell,1843-01-01,41.36667,-6.23333,"[41.36667, -6.23333]"
Pillistfer,18822,1,EL6,23250.0,Fell,1863-01-01,58.66667,25.73333,"[58.66667, 25.73333]"
Piplia Kalan,18831,1,Eucrite-mmict,42000.0,Fell,1996-01-01,26.03472,73.94167,"[26.03472, 73.94167]"
Piquetberg,18832,1,H,37.0,Fell,1881-01-01,-32.86667,18.71667,"[-32.86667, 18.71667]"
Pirgunje,18834,1,L6,842.0,Fell,1882-01-01,25.8,88.45,"[25.8, 88.45]"
Pirthalla,18835,1,H6,1161.0,Fell,1884-01-01,29.58333,76.0,"[29.58333, 76.0]"
Pitts,18837,1,"Iron, IAB-ung",3760.0,Fell,1921-01-01,31.95,-83.51667,"[31.95, -83.51667]"
Plantersville,18846,1,H6,2085.0,Fell,1930-01-01,30.7,-96.11667,"[30.7, -96.11667]"
Pleşcoi,51706,1,L5-6,6913.0,Fell,2008-01-01,45.275,26.70972,"[45.275, 26.70972]"
Ploschkovitz,18849,1,L5,39.0,Fell,1723-01-01,50.53333,14.11667,"[50.53333, 14.11667]"
Pnompehn,18851,1,L6,96.0,Fell,1868-01-01,11.58333,104.91667,"[11.58333, 104.91667]"
Dominion Range 03240,32592,1,LL5,290.9,Found,2002-01-01,,,
Pohlitz,18853,1,L5,3000.0,Fell,1819-01-01,50.93333,12.13333,"[50.93333, 12.13333]"
Pokhra,18858,1,H5,350.0,Fell,1866-01-01,26.71667,82.66667,"[26.71667, 82.66667]"
Pollen,18860,1,CM2,253.6,Fell,1942-01-01,66.34833,14.015,"[66.34833, 14.015]"
Pontlyfni,18865,1,Winonaite,157.0,Fell,1931-01-01,53.03639,-4.31944,"[53.03639, -4.31944]"
Portales Valley,18874,1,H6,71400.0,Fell,1998-01-01,34.175,-103.295,"[34.175, -103.295]"
Portugal,18876,1,Stone-uncl,4500.0,Fell,1796-01-01,38.5,-8.0,"[38.5, -8.0]"
Po-wang Chen,18879,1,LL,665.0,Fell,1933-01-01,31.41667,118.5,"[31.41667, 118.5]"
Prambachkirchen,18883,1,L6,2125.0,Fell,1932-01-01,48.3025,13.94083,"[48.3025, 13.94083]"
Pribram,18887,1,H5,5555.0,Fell,1959-01-01,49.66667,14.03333,"[49.66667, 14.03333]"
Pricetown,18888,1,L6,900.0,Fell,1893-01-01,39.11667,-83.85,"[39.11667, -83.85]"
Puerto Lápice,45984,1,Eucrite-br,500.0,Fell,2007-01-01,39.35,-3.51667,"[39.35, -3.51667]"
Pulsora,18899,1,H5,560.0,Fell,1863-01-01,23.36667,75.18333,"[23.36667, 75.18333]"
Pultusk,18901,1,H5,250000.0,Fell,1868-01-01,52.76667,21.26667,"[52.76667, 21.26667]"
Punganaru,18902,1,Stone-uncl,100.0,Fell,1811-01-01,13.33333,78.95,"[13.33333, 78.95]"
Putinga,18905,1,L6,300000.0,Fell,1937-01-01,-29.03333,-53.05,"[-29.03333, -53.05]"
Qidong,18907,1,L/LL5,1275.0,Fell,1982-01-01,32.08333,121.5,"[32.08333, 121.5]"
Qingzhen,18908,1,EH3,2600.0,Fell,1976-01-01,26.53333,106.46667,"[26.53333, 106.46667]"
Queen's Mercy,22357,1,H6,7000.0,Fell,1925-01-01,-30.11667,28.7,"[-30.11667, 28.7]"
Quenggouk,22358,1,H4,6045.0,Fell,1857-01-01,17.76667,95.18333,"[17.76667, 95.18333]"
Quesa,22360,1,"Iron, IAB-ung",10750.0,Fell,1898-01-01,39.0,-0.66667,"[39.0, -0.66667]"
Quija,22361,1,H,17450.0,Fell,1990-01-01,44.61667,126.13333,"[44.61667, 126.13333]"
Quincay,22363,1,L6,65.0,Fell,1851-01-01,46.6,0.25,"[46.6, 0.25]"
Raco,22368,1,H5,5000.0,Fell,1957-01-01,-26.66667,-65.45,"[-26.66667, -65.45]"
Raghunathpura,22371,1,"Iron, IIAB",10200.0,Fell,1986-01-01,27.72528,76.465,"[27.72528, 76.465]"
Rahimyar Khan,31302,1,L5,67225.0,Fell,1983-01-01,28.225,70.2,"[28.225, 70.2]"
Rakovka,22376,1,L6,9000.0,Fell,1878-01-01,52.98333,37.03333,"[52.98333, 37.03333]"
Ramnagar,22384,1,L6,3766.0,Fell,1940-01-01,26.45,82.9,"[26.45, 82.9]"
Rampurhat,22385,1,LL,100.0,Fell,1916-01-01,24.16667,87.76667,"[24.16667, 87.76667]"
Ramsdorf,22386,1,L6,4682.0,Fell,1958-01-01,51.88333,6.93333,"[51.88333, 6.93333]"
Ranchapur,22387,1,H4,290.4,Fell,1917-01-01,23.98333,87.08333,"[23.98333, 87.08333]"
Rancho de la Presa,22390,1,H5,300.0,Fell,1899-01-01,19.86667,-100.81667,"[19.86667, -100.81667]"
Rangala,22392,1,L6,3224.5,Fell,1937-01-01,25.38333,72.01667,"[25.38333, 72.01667]"
Raoyang,22394,1,L6,4910.0,Fell,1919-01-01,38.2,115.7,"[38.2, 115.7]"
Ras Tanura,22395,1,H6,6.1,Fell,1961-01-01,26.66667,50.15,"[26.66667, 50.15]"
Rasgrad,22396,1,Stone-uncl,24700.0,Fell,1740-01-01,43.5,26.53333,"[43.5, 26.53333]"
Ratyn,22398,1,Stone-uncl,910.0,Fell,1880-01-01,52.2,17.98333,"[52.2, 17.98333]"
Red Canyon Lake,53502,1,H5,18.41,Fell,2007-01-01,38.13742,-119.75812,"[38.13742, -119.75812]"
Reliegos,22584,1,L5,17300.0,Fell,1947-01-01,42.475,-5.33333,"[42.475, -5.33333]"
Rembang,22585,1,"Iron, IVA",10000.0,Fell,1919-01-01,-6.73333,111.36667,"[-6.73333, 111.36667]"
Renazzo,22586,1,CR2,1000.0,Fell,1824-01-01,44.76667,11.28333,"[44.76667, 11.28333]"
Renca,22587,1,L5,300.0,Fell,1925-01-01,-32.75,-65.28333,"[-32.75, -65.28333]"
Renqiu,22589,1,L6,355.0,Fell,1916-01-01,38.66667,116.13333,"[38.66667, 116.13333]"
Repeev Khutor,22590,1,"Iron, IIF",7000.0,Fell,1933-01-01,48.6,45.66667,"[48.6, 45.66667]"
Revelstoke,22592,1,CI1,1.0,Fell,1965-01-01,51.33333,-118.95,"[51.33333, -118.95]"
Rewari,22593,1,L6,3332.0,Fell,1929-01-01,28.2,76.66667,"[28.2, 76.66667]"
Rich Mountain,22597,1,L6,668.0,Fell,1903-01-01,35.03333,-83.03333,"[35.03333, -83.03333]"
Uzcudun,24140,1,L,20000.0,Fell,1948-01-01,-44.11667,-66.15,"[-44.11667, -66.15]"
Richardton,22599,1,H5,90000.0,Fell,1918-01-01,46.88333,-102.31667,"[46.88333, -102.31667]"
Richland Springs,22602,1,OC,1900.0,Fell,1980-01-01,31.25,-99.03333,"[31.25, -99.03333]"
Richmond,22603,1,LL5,1800.0,Fell,1828-01-01,37.46667,-77.5,"[37.46667, -77.5]"
Rio Negro,22611,1,L4,1310.0,Fell,1934-01-01,-26.1,-49.8,"[-26.1, -49.8]"
Rivolta de Bassi,22614,1,Stone-uncl,103.3,Fell,1491-01-01,45.48333,9.51667,"[45.48333, 9.51667]"
Rochester,22637,1,H6,340.0,Fell,1876-01-01,41.08333,-86.28333,"[41.08333, -86.28333]"
Rockhampton,22640,1,Stone-uncl,1641.0,Fell,1895-01-01,-23.38333,150.51667,"[-23.38333, 150.51667]"
Roda,22641,1,Diogenite,400.0,Fell,1871-01-01,42.3,0.55,"[42.3, 0.55]"
Rodach,22642,1,Stone-uncl,2900.0,Fell,1775-01-01,50.35,10.8,"[50.35, 10.8]"
Rose City,22766,1,H5,10600.0,Fell,1921-01-01,44.51667,-83.95,"[44.51667, -83.95]"
Rowton,22773,1,"Iron, IIIAB",3500.0,Fell,1876-01-01,52.76667,-2.51667,"[52.76667, -2.51667]"
Ruhobobo,22780,1,L6,465.5,Fell,1976-01-01,-1.45,29.83333,"[-1.45, 29.83333]"
Rumuruti,22782,1,R3.8-6,67.0,Fell,1934-01-01,0.26667,36.53333,"[0.26667, 36.53333]"
Rupota,22783,1,L4-6,6000.0,Fell,1949-01-01,-10.26667,38.76667,"[-10.26667, 38.76667]"
Ryechki,22791,1,L5,13000.0,Fell,1914-01-01,51.13333,34.5,"[51.13333, 34.5]"
Sabetmahet,22792,1,H5,1250.0,Fell,1855-01-01,27.43333,82.08333,"[27.43333, 82.08333]"
Sabrum,22793,1,LL6,478.0,Fell,1999-01-01,23.08333,91.66667,"[23.08333, 91.66667]"
Sagan,22796,1,Stone-uncl,,Fell,1636-01-01,51.53333,14.88333,"[51.53333, 14.88333]"
Saint-Sauveur,23101,1,EH5,14000.0,Fell,1914-01-01,43.73333,1.38333,"[43.73333, 1.38333]"
Saint-Séverin,23102,1,LL6,271000.0,Fell,1966-01-01,45.3,0.23333,"[45.3, 0.23333]"
Sakauchi,23103,1,Iron,4180.0,Fell,1913-01-01,35.66667,136.3,"[35.66667, 136.3]"
Salem,23107,1,L6,61.4,Fell,1981-01-01,44.97917,-122.96944,"[44.97917, -122.96944]"
Salles,23111,1,L5,9000.0,Fell,1798-01-01,46.05,4.63333,"[46.05, 4.63333]"
Salzwedel,23114,1,LL5,43.0,Fell,1985-01-01,52.75,11.05,"[52.75, 11.05]"
Samelia,23115,1,"Iron, IIIAB",2462.0,Fell,1921-01-01,25.66667,74.86667,"[25.66667, 74.86667]"
San Juan Capistrano,23128,1,H6,56.0,Fell,1973-01-01,33.48472,-117.6625,"[33.48472, -117.6625]"
San Michele,31315,1,L6,237.0,Fell,2002-01-01,43.66667,13.0,"[43.66667, 13.0]"
San Pedro de Quiles,23130,1,L6,282.0,Fell,1956-01-01,-31.01667,-71.4,"[-31.01667, -71.4]"
San Pedro Jacuaro,34063,1,LL6,460.0,Fell,1968-01-01,19.76667,-100.65,"[19.76667, -100.65]"
Santa Barbara,23161,1,L4,400.0,Fell,1873-01-01,-29.2,-51.86667,"[-29.2, -51.86667]"
Santa Cruz,23164,1,CM2,60.0,Fell,1939-01-01,24.16667,-99.33333,"[24.16667, -99.33333]"
Santa Isabel,23165,1,L6,5500.0,Fell,1924-01-01,-33.9,-61.7,"[-33.9, -61.7]"
Santa Lucia (2008),50909,1,L6,4000.0,Fell,2008-01-01,-31.535556,-68.489444,"[-31.535556, -68.489444]"
São Jose do Rio Preto,23171,1,H4,927.0,Fell,1962-01-01,-20.81,-49.38056,"[-20.81, -49.38056]"
Saratov,23176,1,L4,200000.0,Fell,1918-01-01,52.55,46.55,"[52.55, 46.55]"
Sasagase,23187,1,H,695.0,Fell,1688-01-01,34.71667,137.78333,"[34.71667, 137.78333]"
Sauguis,23188,1,L6,4000.0,Fell,1868-01-01,43.15,-0.85,"[43.15, -0.85]"
Savtschenskoje,23190,1,LL4,2500.0,Fell,1894-01-01,47.21667,29.86667,"[47.21667, 29.86667]"
Sayama,23192,1,CM2,430.0,Fell,1986-01-01,35.86667,139.4,"[35.86667, 139.4]"
Sazovice,23455,1,L5,412.0,Fell,1934-01-01,49.23333,17.56667,"[49.23333, 17.56667]"
Schellin,23457,1,L,7000.0,Fell,1715-01-01,53.35,15.05,"[53.35, 15.05]"
Schenectady,23458,1,H5,283.3,Fell,1968-01-01,42.86083,-73.95028,"[42.86083, -73.95028]"
Schönenberg,23460,1,L6,8000.0,Fell,1846-01-01,48.11667,10.46667,"[48.11667, 10.46667]"
Searsmont,23472,1,H5,5400.0,Fell,1871-01-01,44.36667,-69.2,"[44.36667, -69.2]"
Sediköy,23473,1,L6,240.0,Fell,1917-01-01,38.3,27.13333,"[38.3, 27.13333]"
Segowlie,23476,1,LL6,6930.0,Fell,1853-01-01,26.75,84.78333,"[26.75, 84.78333]"
Selakopi,23481,1,H5,1590.0,Fell,1939-01-01,-7.23333,107.33333,"[-7.23333, 107.33333]"
Seldebourak,23483,1,H5,150.0,Fell,1947-01-01,22.83333,4.98333,"[22.83333, 4.98333]"
Semarkona,23487,1,LL3.00,691.0,Fell,1940-01-01,22.25,79.0,"[22.25, 79.0]"
Sena,23495,1,H4,4000.0,Fell,1773-01-01,41.71667,-0.05,"[41.71667, -0.05]"
Senboku,23496,1,H6,866.0,Fell,1993-01-01,39.43833,140.51167,"[39.43833, 140.51167]"
Seoni,23500,1,H6,20000.0,Fell,1966-01-01,21.68389,79.50083,"[21.68389, 79.50083]"
Seres,23501,1,H4,8500.0,Fell,1818-01-01,41.05,23.56667,"[41.05, 23.56667]"
Serra de Magé,23502,1,Eucrite-cm,1800.0,Fell,1923-01-01,-8.38333,-36.76667,"[-8.38333, -36.76667]"
Sete Lagoas,23504,1,H4,350.0,Fell,1908-01-01,-19.46667,-44.21667,"[-19.46667, -44.21667]"
Sevilla,23508,1,LL4,180.0,Fell,1862-01-01,37.41667,-6.0,"[37.41667, -6.0]"
Sevrukovo,23509,1,L5,101000.0,Fell,1874-01-01,50.61667,36.6,"[50.61667, 36.6]"
Sfax,23512,1,L6,7000.0,Fell,1989-01-01,34.75,10.71667,"[34.75, 10.71667]"
Shalka,23521,1,Diogenite,4000.0,Fell,1850-01-01,23.1,87.3,"[23.1, 87.3]"
Sharps,23525,1,H3.4,1265.0,Fell,1921-01-01,37.83333,-76.7,"[37.83333, -76.7]"
Shelburne,23529,1,L5,18600.0,Fell,1904-01-01,44.05,-80.16667,"[44.05, -80.16667]"
Shergotty,23530,1,Martian (shergottite),5000.0,Fell,1865-01-01,24.55,84.83333,"[24.55, 84.83333]"
Sheyang,23531,1,L6,605.0,Fell,1976-01-01,33.65,120.06667,"[33.65, 120.06667]"
Shikarpur,23534,1,L6,3679.7,Fell,1921-01-01,25.85,87.5775,"[25.85, 87.5775]"
Shuangyang,23582,1,H5,3900.0,Fell,1971-01-01,43.5,125.66667,"[43.5, 125.66667]"
Shupiyan,23583,1,H6,5000.0,Fell,1912-01-01,33.71667,74.83333,"[33.71667, 74.83333]"
Shytal,23584,1,L6,3200.0,Fell,1863-01-01,24.33333,90.16667,"[24.33333, 90.16667]"
Siena,23586,1,LL5,3700.0,Fell,1794-01-01,43.11667,11.6,"[43.11667, 11.6]"
Sikhote-Alin,23593,1,"Iron, IIAB",23000000.0,Fell,1947-01-01,46.16,134.65333,"[46.16, 134.65333]"
Silao,23594,1,H5,1710.0,Fell,1995-01-01,20.93333,-101.38333,"[20.93333, -101.38333]"
Silistra,55584,1,Achondrite-ung,0.15,Fell,1917-01-01,44.11667,27.26667,"[44.11667, 27.26667]"
Simmern,23603,1,H5,1222.0,Fell,1920-01-01,49.98333,7.53333,"[49.98333, 7.53333]"
Sinai,23606,1,L6,1455.0,Fell,1916-01-01,30.9,32.48333,"[30.9, 32.48333]"
Sindhri,23611,1,H5,8400.0,Fell,1901-01-01,26.21667,69.55,"[26.21667, 69.55]"
Sinnai,23613,1,H6,2000.0,Fell,1956-01-01,39.3,9.2,"[39.3, 9.2]"
Sioux County,23614,1,Eucrite-mmict,4100.0,Fell,1933-01-01,42.58333,-103.66667,"[42.58333, -103.66667]"
Sitathali,23616,1,H5,1600.0,Fell,1875-01-01,20.91667,82.58333,"[20.91667, 82.58333]"
Sivas,23617,1,H6,40000.0,Fell,1989-01-01,39.82467,36.13583,"[39.82467, 36.13583]"
Sixiangkou,23619,1,L5,630.0,Fell,1989-01-01,32.43333,119.86667,"[32.43333, 119.86667]"
Ski,23621,1,L6,850.0,Fell,1848-01-01,59.73333,10.86667,"[59.73333, 10.86667]"
Slavetic,23626,1,H5,1708.0,Fell,1868-01-01,45.68333,15.6,"[45.68333, 15.6]"
Slobodka,23645,1,L4,2750.0,Fell,1818-01-01,55.0,35.0,"[55.0, 35.0]"
Soheria,23660,1,OC,72.9,Fell,1960-01-01,27.13333,84.06667,"[27.13333, 84.06667]"
Soko-Banja,23661,1,LL4,80000.0,Fell,1877-01-01,43.66667,21.86667,"[43.66667, 21.86667]"
Sologne,23663,1,H5,54.0,Fell,1860-01-01,47.36667,1.73333,"[47.36667, 1.73333]"
Sołtmany,53829,1,L6,1066.0,Fell,2011-01-01,54.00883,22.005,"[54.00883, 22.005]"
Sone,23667,1,H5,17100.0,Fell,1866-01-01,35.16667,135.33333,"[35.16667, 135.33333]"
Songyuan,23668,1,L6,36900.0,Fell,1993-01-01,45.25,125.0,"[45.25, 125.0]"
Sopot,23670,1,OC,958.0,Fell,1927-01-01,44.41667,23.5,"[44.41667, 23.5]"
Soroti,23671,1,"Iron, ungrouped",2050.0,Fell,1945-01-01,1.7,33.63333,"[1.7, 33.63333]"
St. Caprais-de-Quinsac,23081,1,L6,360.0,Fell,1883-01-01,44.75,0.05,"[44.75, 0.05]"
St. Christophe-la-Chartreuse,23082,1,L6,5500.0,Fell,1841-01-01,46.95,-1.5,"[46.95, -1.5]"
St. Denis Westrem,23083,1,L6,700.0,Fell,1855-01-01,51.05,3.75,"[51.05, 3.75]"
St. Germain-du-Pinel,23087,1,H6,4000.0,Fell,1890-01-01,48.01667,-1.15,"[48.01667, -1.15]"
St. Louis,23089,1,H4,1000.0,Fell,1950-01-01,38.7,-90.23333,"[38.7, -90.23333]"
St. Mark's,23090,1,EH5,13780.0,Fell,1903-01-01,-32.01667,27.41667,"[-32.01667, 27.41667]"
St. Mary's County,23091,1,LL3.3,24.3,Fell,1919-01-01,38.16667,-76.38333,"[38.16667, -76.38333]"
St. Mesmin,23092,1,LL6,8300.0,Fell,1866-01-01,48.45,3.93333,"[48.45, 3.93333]"
St. Michel,23093,1,L6,17000.0,Fell,1910-01-01,61.65,27.2,"[61.65, 27.2]"
St.-Chinian,23097,1,L6,134.3,Fell,1959-01-01,43.43333,2.95,"[43.43333, 2.95]"
Ställdalen,23712,1,H5,34000.0,Fell,1876-01-01,59.93333,14.95,"[59.93333, 14.95]"
Stannern,23713,1,Eucrite-mmict,52000.0,Fell,1808-01-01,49.28333,15.56667,"[49.28333, 15.56667]"
Stavropol,23717,1,L6,1500.0,Fell,1857-01-01,45.05,41.98333,"[45.05, 41.98333]"
Ste. Marguerite,23099,1,H4,4960.0,Fell,1962-01-01,50.76667,3.0,"[50.76667, 3.0]"
Sterlitamak,23724,1,"Iron, IIIAB",325000.0,Fell,1990-01-01,53.66667,55.98333,"[53.66667, 55.98333]"
Stolzenau,23726,1,Stone-uncl,,Fell,1647-01-01,52.53333,9.05,"[52.53333, 9.05]"
Stratford,23728,1,L6,50.0,Fell,1974-01-01,41.2,-73.13333,"[41.2, -73.13333]"
Strathmore,23729,1,L6,13400.0,Fell,1917-01-01,56.58333,-3.25,"[56.58333, -3.25]"
Stretchleigh,23732,1,Stone-uncl,10400.0,Fell,1623-01-01,50.38333,-3.95,"[50.38333, -3.95]"
St-Robert,23733,1,H5,25400.0,Fell,1994-01-01,45.96861,-72.97806,"[45.96861, -72.97806]"
Success,23736,1,L6,3500.0,Fell,1924-01-01,36.48333,-90.66667,"[36.48333, -90.66667]"
Suchy Dul,23737,1,L6,815.3,Fell,1969-01-01,50.53806,16.26333,"[50.53806, 16.26333]"
Suizhou,23738,1,L6,260000.0,Fell,1986-01-01,31.61667,113.46667,"[31.61667, 113.46667]"
Sulagiri,48951,1,LL6,110000.0,Fell,2008-01-01,12.66667,78.03333,"[12.66667, 78.03333]"
Sultanpur,23741,1,L/LL6,1710.5,Fell,1916-01-01,25.93333,84.28333,"[25.93333, 84.28333]"
Sungach,23745,1,H5,637.0,Fell,1935-01-01,44.86667,133.16667,"[44.86667, 133.16667]"
Supuhee,23760,1,H6,7235.0,Fell,1865-01-01,26.71667,84.21667,"[26.71667, 84.21667]"
Sutter's Mill,55529,1,C,992.5,Fell,2012-01-01,38.80389,-120.90806,"[38.80389, -120.90806]"
Sylacauga,23773,1,H4,5560.0,Fell,1954-01-01,33.18836,-86.2945,"[33.18836, -86.2945]"
Tabor,23776,1,H5,7540.0,Fell,1753-01-01,49.4,14.65,"[49.4, 14.65]"
Tadjera,23778,1,L5,9000.0,Fell,1867-01-01,36.18333,5.41667,"[36.18333, 5.41667]"
Tagish Lake,23782,1,C2-ung,10000.0,Fell,2000-01-01,59.70444,-134.20139,"[59.70444, -134.20139]"
Tahara,23784,1,H4/5,1000.0,Fell,1991-01-01,34.72,137.305,"[34.72, 137.305]"
Takenouchi,23789,1,H5,720.0,Fell,1880-01-01,35.38333,134.9,"[35.38333, 134.9]"
Talampaya,23791,1,Eucrite-cm,1421.0,Fell,1995-01-01,,,
Tambakwatu,23795,1,L6,10500.0,Fell,1975-01-01,-7.75,112.76667,"[-7.75, 112.76667]"
Tamdakht,48691,1,H5,100000.0,Fell,2008-01-01,31.16333,-7.015,"[31.16333, -7.015]"
Tané,23801,1,L5,905.0,Fell,1918-01-01,35.43333,136.23333,"[35.43333, 136.23333]"
Taonan,23873,1,L5,3850.0,Fell,1965-01-01,45.4,122.9,"[45.4, 122.9]"
Tatahouine,23884,1,Diogenite,12000.0,Fell,1931-01-01,32.95,10.41667,"[32.95, 10.41667]"
Tathlith,23885,1,L6,2500.0,Fell,1967-01-01,19.38333,43.73333,"[19.38333, 43.73333]"
Tauk,23887,1,L6,6000.0,Fell,1929-01-01,35.13333,44.45,"[35.13333, 44.45]"
Tauti,23888,1,L6,21000.0,Fell,1937-01-01,46.71667,23.5,"[46.71667, 23.5]"
Tenham,23897,1,L6,160000.0,Fell,1879-01-01,-25.73333,142.95,"[-25.73333, 142.95]"
Tennasilm,23898,1,L4,28500.0,Fell,1872-01-01,58.03333,26.95,"[58.03333, 26.95]"
Thal,23908,1,H6,342.0,Fell,1950-01-01,33.4,70.6,"[33.4, 70.6]"
Thika,54493,1,L6,14200.0,Fell,2011-01-01,-1.00278,37.15028,"[-1.00278, 37.15028]"
Thuathe,23976,1,H4/5,45300.0,Fell,2002-01-01,-29.33333,27.58333,"[-29.33333, 27.58333]"
Tianzhang,23984,1,H5,2232.0,Fell,1986-01-01,32.94667,118.99,"[32.94667, 118.99]"
Tieschitz,23989,1,H/L3.6,28000.0,Fell,1878-01-01,49.6,17.11667,"[49.6, 17.11667]"
Tilden,23998,1,L6,74800.0,Fell,1927-01-01,38.2,-89.68333,"[38.2, -89.68333]"
Tillaberi,23999,1,L6,3000.0,Fell,1970-01-01,14.25,1.53333,"[14.25, 1.53333]"
Timochin,24004,1,H5,65500.0,Fell,1807-01-01,54.5,35.2,"[54.5, 35.2]"
Tirupati,24009,1,H6,230.0,Fell,1934-01-01,13.63333,79.41667,"[13.63333, 79.41667]"
Tissint,54823,1,Martian (shergottite),7000.0,Fell,2011-01-01,29.48195,-7.61123,"[29.48195, -7.61123]"
Tjabe,24011,1,H6,20000.0,Fell,1869-01-01,-7.08333,111.53333,"[-7.08333, 111.53333]"
Tjerebon,24012,1,L5,16500.0,Fell,1922-01-01,-6.66667,106.58333,"[-6.66667, 106.58333]"
Tomakovka,24019,1,LL6,600.0,Fell,1905-01-01,47.85,34.76667,"[47.85, 34.76667]"
